plot,survey_year,gridref,treatment,location,subcompartment,basal_area,dbh_tree_1 ,dbh_tree_2,dbh_tree_3,dbh_tree_4,dbh_tree_5,dbh_average,dis_to_edge,tree_species,tree_species_names,dis_broadleaf ,stems_7.5cm_dbh,per_broadleaf_canopy,fallen_deadwood,deadwood_snags,canopy_openess ,canopy_ cover,sub_canopy_ cover,tall_understorey_cover,low_shrub_cover,ground_layer_cover,dom_understorey,dom_field_layer,bramble,bracken,forbs,grass,bare_ground,moss,brash_cover ,leaf_litter,canopy_layer_score,sub_canopy_layer_score,tall_understorey_score,low_shrub_score,ground_layer_score,complexity_score,complexity_category,aspect,altitude,photo_number,comments
1,2019,ST7498436114,Early Transitioning Irregular,Kingswood Warren,805c,28,36,37,39,41,43,39.2,115.5223873,3,"Douglas fir, Sitka spruce, Birch",2,41,40,2,2,8.32,>50,20-50%,0-10%,0-10%,0-10%,none,Bramble,60-70%,1-10%,30-40%,10-20%,1-10%,70-80%,40-50%,70-80%,3,2,0,0,0,5,Low,175.9230675,186.4301047,pl1n-w,
1,2021,ST7498436114,Early Transitioning Irregular,Kingswood Warren,805c,34,44,47,40,34,37,40.4,115.5223873,6,"Birch, Grand Fir, Douglas Fir, Sitka Spruce, Oak, Holly",2,41,40,2,1,13.78,>50,10-20%,0-10%,0-10%,0-10%,none,Bramble,60-70%,1-10%,10-20%,20-30%,1-10%,20-30%,10-20%,40-50%,3,1,0,0,0,4,Low,175.9230675,186.4301047,7054-7057,
2,2019,ST7492436114,Early Transitioning Irregular,Kingswood Warren,805c,36,32,34,34,36,37,34.6,97.26683114,2,"Douglas fir, Sitka spruce",17,42,10,1,1,8.32,>50,0-10%,0-10%,0-10%,0-10%,none,Bramble,40-50%,1-10%,40-50%,20-30%,1-10%,60-70%,40-50%,60-70%,3,0,0,0,0,3,Low,185.3143952,178.9681143,pl2n-w,
2,2021,ST7492436114,Early Transitioning Irregular,Kingswood Warren,805c,34,40,41,39,33,31,36.8,97.26683114,5,"Douglas Fir, Sitka Spruce, Western Red Cedar, Japanese Larch, Grand Fir",17,39,0,1,1,18.98,>50,0-10%,0-10%,0-10%,0-10%,none,Bramble,50-60%,1-10%,20-30%,40-50%,0,40-50%,20-30%,40-50%,3,0,0,0,0,3,Low,185.3143952,178.9681143,7062-7065,
3,2019,ST7486436114,Early Transitioning Irregular,Kingswood Warren,805d,36,36,35,33,33,32,33.8,54.01906799,2,"Douglas fir, Sitka spruce",35,30,0,1,3,12.48,>50,0-10%,0-10%,0-10%,0-10%,none,Bramble,50-60%,20-30%,10-20%,30-40%,1-10%,60-70%,40-50%,60-70%,3,0,0,0,0,3,Low,195.9206248,173.9092391,pl3n-w,
3,2021,ST7486436114,Early Transitioning Irregular,Kingswood Warren,805d,38,34,39,64,35,38,42,54.01906799,5,"Douglas Fir, Grand Fir, Western Red Cedar, Birch, Sitka Spruce",35,27,0,5,2,15.34,>50,0-10%,0-10%,0-10%,0-10%,none,Bramble,50-60%,1-10%,1-10%,30-40%,0,40-50%,20-30%,40-50%,3,0,0,0,0,3,Low,195.9206248,173.9092391,7058-7061,
4,2019,ST7528433234,Irregular,"Dropping Gutter, Greenlands, Shootershill Copse, Castlewood",203a,30,37,44,29,51,4.5,33.1,34.38864896,4,"Western Hemlock, Douglas Fir, Sitka Spruce, Birch, ",50,6,0,24,0,16.64,>50,0-10%,20-50%,10-20%,0-10%,Western Hemlock,Bracken,1-10%,60-70%,20-30%,1-10%,0,40-50%,0,70-80%,3,0,2,1,0,6,High,174.6846697,216.2356685,,
4,2021,ST7528433234,Irregular,"Dropping Gutter, Greenlands, Shootershill Copse, Castlewood",203a,30,47,35,32,55,8,35.4,34.38864896,4,"Western Hemlock, Sitja Spruce, Douglas Fir, Holly",50,6,0,24,0,12.22,>50,0-10%,>50,10-20%,0-10%,Western Hemlock,Bracken,1-10%,70-80%,1-10%,0,1-10%,50-60%,20-30%,80-90%,3,0,3,1,0,7,High,174.6846697,216.2356685,7229-7232,
5,2019,ST7516436174,Early Transitioning Irregular,Kingswood Warren,805a,42,44,44,44,39,37,41.6,60.56066891,3,"Sitka spruce, Birch, Sallow",9,32,10,5,3,8.32,>50,10-20%,0-10%,0-10%,0-10%,none,Mosses,10-20%,1-10%,20-30%,10-20%,0,80-90%,40-50%,80-90%,3,1,0,0,0,4,Low,187.4471596,171.2737353,pl5n-w,
5,2021,ST7516436174,Early Transitioning Irregular,Kingswood Warren,805a,36,38,37,37,50,39,40.2,60.56066891,5,"Sitka Spruce, Grand Fir, Bich, Willow, Holly",9,26,10,5,2,17.68,>50,0-10%,0-10%,0-10%,0-10%,none,Mosses,30-40%,1-10%,10-20%,20-30%,1-10%,60-70%,40-50%,70-80%,3,0,0,0,0,3,Low,187.4471596,171.2737353,7026-7029,
6,2019,ST7498436174,Early Transitioning Irregular,Kingswood Warren,805c,30,68,68,65,65,68,66.8,55.52920732,3,"Sitka sruce, Douglas fir, Goat willow",9,15,10,12,2,19.76,>50,0-10%,0-10%,0-10%,0-10%,none,Bramble,50-60%,0,20-30%,30-40%,1-10%,50-60%,40-50%,70-80%,3,0,0,0,0,3,Low,207.4752428,177.0319269,pl6n-w,
6,2021,ST7498436174,Early Transitioning Irregular,Kingswood Warren,805c,36,43,65,66,72,55,60.2,55.52920732,4,"Sitka Spruce, Grand Fir, Willow, Douglas Fir",9,20,10,23,1,6.76,>50,0-10%,0-10%,0-10%,0-10%,none,Bramble,60-70%,0,10-20%,30-40%,1-10%,40-50%,40-50%,80-90%,3,0,0,0,0,3,Low,207.4752428,177.0319269,7050-7053,
7,2019,ST7522433294,Irregular,"Dropping Gutter, Greenlands, Shootershill Copse, Castlewood",203a,22,54,57,65,64,63,60.6,72.442202,5,"Douglas Fir, Holly, Western Hemlock, Silver Fir, Sitka Spruce",20,11,0,4,0,23.92,>50,0-10%,10-20%,20-50%,0-10%,Western Hemlock,Bracken,10-20%,30-40%,10-20%,10-20%,0,30-40%,1-10%,1-10%,3,0,1,2,0,6,High,180.6968007,209.5462275,3802-3805,
7,2021,ST7522433294,Irregular,"Dropping Gutter, Greenlands, Shootershill Copse, Castlewood",203a,18,58,63,64,65,56,61.2,72.442202,6,"Douglas Fir, Larch, Western Hemlock, Sitka Spruce, Holly, Silver Fir",20,8,0,4,0,18.72,>50,0-10%,20-50%,10-20%,0-10%,Western Hemlock,Bracken,1-10%,50-60%,20-30%,30-40%,1-10%,60-70%,30-40%,30-40%,2,0,2,1,0,5,Low,180.6968007,209.5462275,7225-7228,
8,2019,ST7468435994,Early Transitioning Irregular,Kingswood Warren,805d,36,33,41,44,48,36,40.4,46.86957352,3,"Douglas fir, Sitka, Birch",40,26,0,0,3,8.32,>50,0-10%,0-10%,0-10%,0-10%,none,Bramble,60-70%,10-20%,40-50%,30-40%,1-10%,50-60%,40-50%,80-90%,3,0,0,0,0,3,Low,166.7485412,179.7574139,pl8n-w,
8,2021,ST7468435994,Early Transitioning Irregular,Kingswood Warren,805d,36,46,40,47,33,34,40,46.86957352,3,"Douglas Fir, Sitka Spruce, Holly",15,25,0,0,0,8.84,>50,0-10%,0-10%,0-10%,0-10%,none,Bramble,50-60%,30-40%,10-20%,30-40%,0,40-50%,20-30%,70-80%,3,0,0,0,0,3,Low,166.7485412,179.7574139,7079-7082,
9,2019,ST7516436054,Early Transitioning Irregular,Kingswood Warren,805c,34,37,38,38,39,42,38.8,86.00777394,3,"Douglas fir, Sitka spruce, Holly",40,31,0,12,3,8.32,>50,0-10%,0-10%,0-10%,0-10%,none,Bramble,70-80%,20-30%,40-50%,30-40%,10-20%,40-50%,20-30%,80-90%,3,0,0,0,0,3,Low,189.8563307,189.9573595,pl9n-w,
9,2021,ST7516436054,Early Transitioning Irregular,Kingswood Warren,805c,30,53,43,37,37,38,41.6,86.00777394,5,"Douglas Fir, Grand Fir, Holly. Sitka Spruce, Western Hemlock",40,32,0,12,3,18.2,>50,0-10%,0-10%,0-10%,0-10%,none,Bramble,60-70%,60-70%,10-20%,10-20%,0,40-50%,10-20%,40-50%,3,0,0,0,0,3,Low,189.8563307,189.9573595,7038-7041,
10,2019,ST7504436054,Early Transitioning Irregular,Kingswood Warren,805c,30,43,38,38,34,33,37.2,116.2135102,2,"Douglas, Sitka",60,24,0,7,4,7.28,>50,0-10%,0-10%,0-10%,0-10%,none,Bramble,30-40%,20-30%,20-30%,30-40%,1-10%,40-50%,20-30%,60-70%,3,0,0,0,0,3,Low,167.467348,185.9887351,pl10n-w,
10,2021,ST7504436054,Early Transitioning Irregular,Kingswood Warren,805c,32,40,35,36,40,42,38.6,116.2135102,4,"Douglas Fir, Sitka Spruce, Holly, Grand Fir",60,23,0,5,3,14.82,>50,0-10%,0-10%,0-10%,0-10%,none,Bramble,30-40%,10-20%,20-30%,30-40%,1-10%,50-60%,20-30%,70-80%,3,0,0,0,0,3,Low,167.467348,185.9887351,7042-7045,*post post flattened beside track
11,2019,ST7498436054,Early Transitioning Irregular,Kingswood Warren,805c,28,45,38,42,36,37,39.6,133.6893082,2,"Douglas, Sitka",80,27,0,0,0,7.28,>50,0-10%,0-10%,0-10%,0-10%,none,Grasses,40-50%,1-10%,30-40%,50-60%,1-10%,40-50%,20-30%,80-90%,3,0,0,0,0,3,Low,173.3183652,194.3013645,pl22n-w,
11,2021,ST7498436054,Early Transitioning Irregular,Kingswood Warren,805c,28,32,38,42,33,40,37,133.6893082,2,"Douglas Fir, Sitka Spruce",80,26,0,0,0,13.78,>50,0-10%,0-10%,0-10%,0-10%,none,Grasses,30-40%,1-10%,10-20%,50-60%,1-10%,40-50%,10-20%,40-50%,3,0,0,0,0,3,Low,173.3183652,194.3013645,7070-7073,
12,2019,ST7576432994,Irregular,"Dropping Gutter, Greenlands, Shootershill Copse, Castlewood",302c,28,30,34,39,30,38,34.2,133.0501314,7,"Japanese Larch, Birch, Common Alder, Holly, Goat Willow, Douglas Fir, Beech",3,22,50,1,3,n/a,>50,>50,0-10%,0-10%,0-10%,Common Alder,Bracken,1-10%,40-50%,30-40%,20-30%,1-10%,1-10%,0,1-10%,3,3,0,0,0,6,High,171.1356611,163.8245731,3871-3874,
12,2021,ST7576533004,Irregular,"Dropping Gutter, Greenlands, Shootershill Copse, Castlewood",302c,26,27,40,41,41,48,39.4,133.0501314,6,"Japanese Larch, Common Alder, Holly, Douglas Fir, Willow, Birch",3,34,50,15,3,12.22,>50,>50,0-10%,0-10%,0-10%,Common Alder,Bracken,0,70-80%,20-30%,1-10%,1-10%,1-10%,1-10%,30-40%,3,3,0,0,0,6,High,171.1356611,163.8245731,7247-7250,
13,2019,ST7492436054,Early Transitioning Irregular,Kingswood Warren,805c,28,46,45,45,38,33,41.4,138.8617055,2,"Douglas fir, Sitka spruce",20,33,0,3,3,7.28,>50,0-10%,0-10%,0-10%,0-10%,none,Grasses,40-50%,10-20%,20-30%,40-50%,0,50-60%,50-60%,70-80%,3,0,0,0,0,3,Low,178.0206327,191.9431252,pl13n-w,
13,2021,ST7492436054,Early Transitioning Irregular,Kingswood Warren,805c,36,47,48,37,47,48,45.4,138.8617055,3,"Doglas Fir, Sitka Spruce, Grand Fir",20,31,0,5,0,8.32,>50,0-10%,0-10%,0-10%,0-10%,none,Bramble,40-50%,10-20%,10-20%,40-50%,0,30-40%,60-70%,70-80%,3,0,0,0,0,3,Low,178.0206327,191.9431252,7066-7069,
14,2019,ST7486436054,Early Transitioning Irregular,Kingswood Warren,805d,30,38,40,45,35,34,38.4,100.875675,2,"Sitka spruce, Douglas fir",20,36,0,0,2,10.4,>50,0-10%,0-10%,0-10%,0-10%,none,Bramble,40-50%,10-20%,30-40%,40-50%,1-10%,60-70%,20-30%,60-70%,3,0,0,0,0,3,Low,197.2476943,184.222824,pl14n-w,
14,2021,ST7486436054,Early Transitioning Irregular,Kingswood Warren,805d,32,49,43,32,36,34,38.8,100.875675,4,"Sitka Spruce, Douglas Fir, grand Fir, Holly",20,32,0,0,1,10.4,>50,0-10%,0-10%,0-10%,0-10%,none,Grasses,30-40%,10-20%,1-10%,40-50%,10-20%,40-50%,30-40%,70-80%,3,0,0,0,0,3,Low,197.2476943,184.222824,7104-7107,*post missing
15,2019,ST7480436054,Early Transitioning Irregular,Kingswood Warren,805d,24,34,34,36,36,39,35.8,58.59492785,3,"Sitka spruce, Japanese Larch, Ash",15,35,5,35,2,12.48,>50,0-10%,0-10%,0-10%,0-10%,none,Pendulous Sedge,10-20%,1-10%,40-50%,40-50%,1-10%,40-50%,50-60%,60-70%,3,0,0,0,0,3,Low,165.6339086,173.2774437,pl15n-w,
15,2021,ST7480436054,Early Transitioning Irregular,Kingswood Warren,805d,28,40,35,43,48,39,41,58.59492785,2,"Sitka Spruce, Ash",15,28,5,3,1,14.56,>50,0-10%,0-10%,0-10%,0-10%,none,Pendulous Sedge,10-20%,1-10%,30-40%,30-40%,1-10%,30-40%,50-60%,60-70%,3,0,0,0,0,3,Low,165.6339086,173.2774437,7100-7103,*post missing
16,2019,ST7522436114,Early Transitioning Irregular,Kingswood Warren,805a,30,41,45,46,52,35,43.8,130.2994771,4,"Sitka spruce, Douglas fir, Grand fir, Birch",18,25,0,8,0,12.48,>50,10-20%,0-10%,0-10%,0-10%,none,Bramble,70-80%,1-10%,30-40%,30-40%,1-10%,60-70%,50-60%,70-80%,3,1,0,0,0,4,Low,204.3698848,182.9460988,pl16n-w,
16,2021,ST7522436114,Early Transitioning Irregular,Kingswood Warren,805a,30,44,38,46,49,50,45.4,130.2994771,4,"Sitka Spruce, Douglas Fir, Grand Fir, Birch",18,24,0,0,0,17.94,>50,10-20%,0-10%,0-10%,0-10%,none,Bramble,80-90%,1-10%,20-30%,30-40%,1-10%,60-70%,40-50%,50-60%,3,1,0,0,0,4,Low,204.3698848,182.9460988,7034-7037,
17,2019,ST7474435934,Early Transitioning Irregular,Kingswood Warren,805d,28,46,41,35,35,36,38.6,96.53774369,1,Douglas,60,32,0,7,0,8.32,>50,0-10%,0-10%,0-10%,0-10%,none,Grasses,30-40%,30-40%,50-60%,50-60%,1-10%,40-50%,30-40%,70-80%,3,0,0,0,0,3,Low,180.540849,194.71169,pl17n-w,
17,2021,ST7474435934,Early Transitioning Irregular,Kingswood Warren,805d,32,45,37,39,51,43,43,96.53774369,3,"Douglas Fir, Holly, Sitka Spruce",60,31,0,4,0,8.06,>50,0-10%,0-10%,0-10%,0-10%,none,Grasses,30-40%,30-40%,40-50%,40-50%,0,30-40%,30-40%,80-90%,3,0,0,0,0,3,Low,180.540849,194.71169,7087-7090,
18,2019,ST7468435934,Early Transitioning Irregular,Kingswood Warren,805d,36,28,35,34,36,36,33.8,85.12962155,2,"Douglas fir, Goat willow",6,33,0,10,2,7.28,>50,0-10%,0-10%,0-10%,0-10%,none,Bramble,60-70%,20-30%,40-50%,20-30%,1-10%,60-70%,50-60%,80-90%,3,0,0,0,0,3,Low,190.1951466,190.6104663,pl18n-w,
18,2021,ST7468435934,Early Transitioning Irregular,Kingswood Warren,805d,30,30,37,35,35,36,34.6,85.12962155,4,"Douglas Fir, Sitka Spruce, Birch, Western Red Cedar",80,27,0,0,0,11.18,>50,0-10%,0-10%,0-10%,0-10%,none,Bramble,50-60%,50-60%,30-40%,10-20%,0,40-50%,10-20%,40-50%,3,0,0,0,0,3,Low,190.1951466,190.6104663,7083-7086,
19,2019,ST7570433114,Irregular,"Dropping Gutter, Greenlands, Shootershill Copse, Castlewood",302a,26,58,43,47,68,47,52.6,101.2034299,6,"Douglas Fir, Western Hemlock, Beech, Sitka Spruce, Rowan, Holly",30,5,0,0,2,49.92,20-50%,0-10%,0-10%,0-10%,20-50%,Western Hemlock,Bedstraw,40-50%,1-10%,50-60%,1-10%,10-20%,1-10%,1-10%,1-10%,2,0,0,0,2,4,Low,140.8375371,183.4614889,3867-3870,
19,2021,ST7570433114,Irregular,"Dropping Gutter, Greenlands, Shootershill Copse, Castlewood",302a,24,43,67,63,51,38,52.4,101.2034299,6,"Douglas Fir, Sitka Spruce, Western Red Cedar, Holly, Rowan, Birch",30,6,0,2,1,42.9,>50,0-10%,0-10%,0-10%,0-10%,Western Hemlock,Bramble,50-60%,1-10%,10-20%,1-10%,10-20%,1-10%,30-40%,30-40%,3,0,0,0,0,3,Low,140.8375371,183.4614889,7251-7354,
20,2019,ST7504435994,Early Transitioning Irregular,Kingswood Warren,805c,30,51,38,44,40,38,42.2,57.50803782,2,"Douglas fir, Sitka spruce",40,25,0,12,0,9.36,>50,0-10%,0-10%,0-10%,0-10%,none,Bramble,70-80%,10-20%,20-30%,30-40%,1-10%,50-60%,40-50%,80-90%,3,0,0,0,0,3,Low,199.5055372,191.326944,pl20n-w,
20,2021,ST7504435994,Early Transitioning Irregular,Kingswood Warren,805c,28,43,48,53,41,35,44,57.50803782,5,"Douglas Fir, Sitka Spruce, Birch, Grand Fir, Holly",40,26,0,0,0,18.98,>50,0-10%,0-10%,0-10%,0-10%,none,Bramble,50-60%,20-30%,30-40%,20-30%,0,40-50%,20-30%,40-50%,3,0,0,0,0,3,Low,199.5055372,191.326944,7120-7123,
21,2019,ST7582432874,Irregular,"Dropping Gutter, Greenlands, Shootershill Copse, Castlewood",302e,22,70,48,90,45,50,60.6,201.8564778,2,"Western Hemlock, Japanes Larch",25,8,0,7,2,17.68,>50,0-10%,0-10%,0-10%,0-10%,Western Hemlock,Bracken,0,1-10%,1-10%,10-20%,1-10%,0,40-50%,80-90%,3,0,0,0,0,3,Low,195.7012965,181.596858,3825-3828,
21,2021,ST7582432874,Irregular,"Dropping Gutter, Greenlands, Shootershill Copse, Castlewood",302e,22,91,46,51,38,80,61.2,201.8564778,2,"Western Hemlock, Holly",40,8,0,7,0,29.12,>50,0-10%,0-10%,0-10%,0-10%,Western Hemlock,Bracken,0,1-10%,1-10%,10-20%,1-10%,1-10%,50-60%,80-90%,3,0,0,0,0,3,Low,195.7012965,181.596858,7300-7303,
22,2019,ST7498435994,Early Transitioning Irregular,Kingswood Warren,805c,30,54,48,40,40,41,44.6,74.87729574,2,"Douglas fir, Sitka spruce",40,26,0,8,7,10.4,>50,0-10%,0-10%,0-10%,0-10%,none,Bramble,70-80%,10-20%,20-30%,30-40%,1-10%,60-70%,50-60%,50-60%,3,0,0,0,0,3,Low,161.5693331,191.5457944,pl22n-w,
22,2021,ST7498435994,Early Transitioning Irregular,Kingswood Warren,805c,28,43,57,55,43,40,47.6,74.87729574,4,"Douglas Fir, Sitka spruce, Birch, Western Red Cedar",40,24,0,0,0,18.72,>50,0-10%,0-10%,0-10%,0-10%,none,Bramble,80-90%,1-10%,1-10%,20-30%,1-10%,40-50%,1-10%,40-50%,3,0,0,0,0,3,Low,161.5693331,191.5457944,7116-7119,*post missing
23,2019,ST7576432874,Irregular,"Dropping Gutter, Greenlands, Shootershill Copse, Castlewood",302c,n/a,44,64,64,22,16,42,234.3748605,6,"Western Hemlock, Common Alder, Grey Alder, Rowan, Douglas Fir, Sitka Spruce",4,45,60,12,5,n/a,20-50%,>50,>50,10-20%,10-20%,Western Hemlock,Bracken,1-10%,70-80%,50-60%,20-30%,0,40-50%,20-30%,1-10%,2,3,3,1,1,10,High,167.7200333,170.4908416,3729-3732,
23,2021,ST7576432874,Irregular,"Dropping Gutter, Greenlands, Shootershill Copse, Castlewood",302c,n/a,49,36,19,17,13,26.8,234.3748605,6,"Western Hemlock, Common Alder, Douglas fir, Grey Alder, Rowan",4,45,60,12,2,34.84,20-50%,>50,20-50%,0-10%,0-10%,Western Hemlock,Bracken,0,70-80%,40-50%,10-20%,0,60-70%,1-10%,1-10%,2,3,2,0,0,7,High,167.7200333,170.4908416,7243-7246,
24,2019,ST7492435994,Early Transitioning Irregular,Kingswood Warren,805d,28,31,32,35,38,38,34.8,87.26041027,1,Douglas fir,45,27,0,1,0,8.32,>50,0-10%,0-10%,0-10%,0-10%,none,Bramble,80-90%,10-20%,10-20%,30-40%,0,40-50%,50-60%,60-70%,3,0,0,0,0,3,Low,184.4569239,192.8318934,pl24n-w,
24,2021,ST7492435994,Early Transitioning Irregular,Kingswood Warren,805d,32,42,33,28,33,35,34.2,87.26041027,3,"Douglas Fir, Birch, Holly",45,27,0,0,0,17.68,>50,0-10%,0-10%,0-10%,0-10%,none,Bramble,80-90%,1-10%,1-10%,20-30%,0,30-40%,10-20%,40-50%,3,0,0,0,0,3,Low,184.4569239,192.8318934,7112-7115,*post missing
25,2019,ST7570432874,Irregular,"Dropping Gutter, Greenlands, Shootershill Copse, Castlewood",302a,28,87,45,40,85,25,56.4,183.1332405,5,"Sitka Spruce, Western Hemlock, Rowan Common Alder, Grey Alder, ",6,27,70,0,7,n/a,20-50%,10-20%,0-10%,0-10%,0-10%,Common Alder,Bracken,0,70-80%,40-50%,20-30%,0,40-50%,0,1-10%,2,1,0,0,0,3,Low,128.8032144,178.0242654,3733-3736,
25,2021,ST7570432874,Irregular,"Dropping Gutter, Greenlands, Shootershill Copse, Castlewood",302a,26,77,82,86,27,38,62,183.1332405,4,"Common Alder, Sitka Spruce, Rowan, Western Hemlock",6,22,70,0,5,35.88,20-50%,10-20%,0-10%,10-20%,0-10%,Common Alder,Bracken,0,70-80%,30-40%,20-30%,0,70-80%,1-10%,30-40%,2,1,0,1,0,4,Low,128.8032144,178.0242654,7238-7241,
26,2019,ST7486435994,Early Transitioning Irregular,Kingswood Warren,805d,30,35,36,39,37,35,36.4,99.60001282,1,Douglas,50,33,0,5,1,10.4,>50,0-10%,0-10%,0-10%,0-10%,none,Bramble,50-60%,40-50%,20-30%,20-30%,1-10%,60-70%,40-50%,70-80%,3,0,0,0,0,3,Low,163.3475385,186.6622425,pl26n-w,
26,2021,ST7486435994,Early Transitioning Irregular,Kingswood Warren,805d,26,38,37,33,39,37,36.8,99.60001282,2,"Douglas Fir, Holly",50,32,0,0,0,15.08,>50,0-10%,0-10%,0-10%,0-10%,none,Bramble,50-60%,40-50%,20-30%,30-40%,0,40-50%,40-50%,60-70%,3,0,0,0,0,3,Low,163.3475385,186.6622425,7108-7111,
27,2019,ST7480435994,Early Transitioning Irregular,Kingswood Warren,805d,34,44,52,56,59,42,50.6,105.8170181,2,"sitka spruce, Douglas fir",18,22,5,4,2,8.32,>50,0-10%,0-10%,0-10%,0-10%,none,Bramble,40-50%,10-20%,10-20%,20-30%,1-10%,50-60%,30-40%,70-80%,3,0,0,0,0,3,Low,189.0407394,185.9656048,pl27n-w,
27,2021,ST7480435994,Early Transitioning Irregular,Kingswood Warren,805d,38,60,41,55,59,45,52,105.8170181,4,"Sitka spruce, Douglas fir, Grand fir, Holly",18,22,0,7,1,11.18,>50,0-10%,0-10%,0-10%,0-10%,none,Bramble,30-40%,10-20%,1-10%,1-10%,1-10%,30-40%,30-40%,80-90%,3,0,0,0,0,3,Low,189.0407394,185.9656048,7096-7099,
28,2019,ST7474435994,Early Transitioning Irregular,Kingswood Warren,805d,36,51,51,39,37,38,43.2,72.28954597,2,"sitka spruce, Douglas fir",45,36,0,26,0,10.4,>50,0-10%,0-10%,0-10%,0-10%,none,Grasses,30-40%,20-30%,20-30%,30-40%,1-10%,30-40%,20-30%,70-80%,3,0,0,0,0,3,Low,178.1641279,181.3045215,pl28n-w,
28,2021,ST7474435994,Early Transitioning Irregular,Kingswood Warren,805d,34,45,38,50,38,30,40.2,72.28954597,4,"Sitka spruce, Douglas Fir, Holly, Birch",45,31,0,7,0,6.5,>50,0-10%,0-10%,0-10%,0-10%,none,Grasses,20-30%,10-20%,1-10%,30-40%,1-10%,20-30%,30-40%,80-90%,3,0,0,0,0,3,Low,178.1641279,181.3045215,7092-7095,"*post missing, check Grand Fir ID 7022-7025"
29,2019,ST7564435094,Clear Fell,NT Park Hill,Park Hill,40,30,31,40,38,54,38.6,64.18874639,3,"Western Hemlock, Sitka Spruce, Birch ",150,28,0,0,1,n/a,>50,0-10%,0-10%,10-20%,0-10%,Western Hemlock,Mosses,1-10%,1-10%,1-10%,1-10%,1-10%,70-80%,20-30%,30-40%,3,0,0,1,0,4,Low,180.147272,209.7890212,3812-3815,
29,2021,ST7564435094,Clear Fell,NT Park Hill,Park Hill,36,39,57,44,41,35,43.2,64.18874639,4,"Douglas Fir, Sitka Spruce, Beech, Western Hemlock",150,18,0,0,0,2.6,>50,0-10%,10-20%,10-20%,0-10%,Western Hemlock,Mosses,1-10%,1-10%,0,1-10%,1-10%,70-80%,30-40%,30-40%,3,0,1,1,0,5,Low,180.147272,209.7890212,6882-6885,
30,2019,ST7558435094,Clear Fell,NT Park Hill,Park Hill,46,67,72,45,31,28,48.6,49.65583399,5,"Western Hemlock, Sitka Spruce, Douglas Fir, Western Red Cedar, Holly",20,22,0,0,0,n/a,>50,0-10%,0-10%,0-10%,>50,Western Hemlock,Bramble,60-70%,30-40%,1-10%,0,0,30-40%,1-10%,20-30%,3,0,0,0,3,6,High,174.8261615,209.5832043,3816-3819,
30,2021,ST7558435094,Clear Fell,NT Park Hill,Park Hill,44,51,29,32,29,68,41.8,49.65583399,7,"Douglas Fir, Western Hemlock, Beech, Norway Spruce, Western Red Cedar, Silver Birch, Sitka Spruce",50,16,0,0,0,8.84,>50,10-20%,0-10%,10-20%,0-10%,Western Hemlock,Bracken,40-50%,60-70%,1-10%,0,0,40-50%,30-40%,40-50%,3,1,0,1,0,5,Low,174.8261615,209.5832043,6878-6881,
31,2019,ST7546432934,Irregular,"Dropping Gutter, Greenlands, Shootershill Copse, Castlewood",301c,24,52,31,36,27,31,35.4,38.42866653,6,"Douglas Fir, Sitka Spruce, Western Helock, Oak, Birch, Holly",30,12,0,0,0,n/a,20-50%,0-10%,0-10%,10-20%,0-10%,Western Hemlock,Bracken,1-10%,10-20%,1-10%,0,1-10%,10-20%,1-10%,70-80%,2,0,0,1,0,3,Low,175.9475321,213.2765851,3875-3878,
31,2021,ST7546432934,Irregular,"Dropping Gutter, Greenlands, Shootershill Copse, Castlewood",301c,18,51,35,29,33,55,40.6,38.42866653,5,"Dulas Fir, Sitka Spruce, Western Hemlock, Birch, Holly",30,12,0,35,1,26.52,>50,0-10%,0-10%,>50,10-20%,Western Hemlock,Bracken,1-10%,60-70%,1-10%,0,1-10%,60-70%,40-50%,80-90%,3,0,0,3,1,7,High,175.9475321,213.2765851,7233-7236,
32,2019,ST7420435514,Early Transitioning Irregular,Kingswood Warren,807c,24,26,32,32,39,42,34.2,34.5437399,3,"Douglas fir, Birch, Oak",7,30,20,2,0,7.28,>50,20-50%,0-10%,0-10%,0-10%,none,Bramble,60-70%,1-10%,30-40%,30-40%,0,60-70%,40-50%,70-80%,3,2,0,0,0,5,Low,201.4943051,180.93644,pl32n-w,
32,2021,ST7420435514,Early Transitioning Irregular,Kingswood Warren,807c,38,30,27,34,33,45,33.8,34.5437399,5,"Douglas Fir, Norway Spruce, Oak, Holly, Birch",7,33,30,1,1,4.68,>50,20-50%,0-10%,0-10%,0-10%,none,Bramble,60-70%,1-10%,20-30%,10-20%,10-20%,40-50%,20-30%,60-70%,3,2,0,0,0,5,Low,201.4943051,180.93644,6978-6981,
33,2019,ST7420435574,Early Transitioning Irregular,Kingswood Warren,807c,32,36,36,32,39,29,34.4,57.58888629,2,"sitka spruce, Douglas fir",30,40,0,2,0,13.52,>50,0-10%,0-10%,0-10%,0-10%,none,Bramble,80-90%,1-10%,30-40%,20-30%,0,60-70%,50-60%,80-90%,3,0,0,0,0,3,Low,190.8216075,182.2631407,pl33n-w,
33,2021,ST7420435574,Early Transitioning Irregular,Kingswood Warren,807c,40,39,28,38,38,47,38,57.58888629,4,"Dougla Fir, Sitka Spruce, Holly, Beech",30,42,0,2,0,9.36,>50,0-10%,0-10%,0-10%,0-10%,none,Bramble,80-90%,1-10%,20-30%,10-20%,0,60-70%,10-20%,60-70%,3,0,0,0,0,3,Low,190.8216075,182.2631407,6974-6977,clear-fell adjacent
34,2019,ST7426435694,Early Transitioning Irregular,Kingswood Warren,807c,28,27,30,33,36,33,31.8,39.388073,4,"Douglas fir, Sitka, Ash, Yew",3,30,30,0,0,9.36,>50,0-10%,0-10%,0-10%,0-10%,none,Bramble,50-60%,1-10%,20-30%,10-20%,1-10%,60-70%,60-70%,60-70%,3,0,0,0,0,3,Low,170.6636759,183.3937109,pl34n-3,
34,2021,ST7426435694,Early Transitioning Irregular,Kingswood Warren,807c,38,34,37,29,30,34,32.8,39.388073,4,"Douglas Fir, Yew, Ash, Sitka Spruce",3,34,25,0,1,11.18,>50,0-10%,0-10%,0-10%,0-10%,none,Bramble,60-70%,1-10%,30-40%,20-30%,0,40-50%,50-60%,50-60%,3,0,0,0,0,3,Low,170.6636759,183.3937109,6982-6985,
35,2019,ST7576432814,Irregular,"Dropping Gutter, Greenlands, Shootershill Copse, Castlewood",302a,32,48,31,29,38,37,36.6,238.257954,4,"Western Hemlock, Sitka spruce, Oak, Holly",40,24,0,5,1,14.56,>50,0-10%,0-10%,0-10%,0-10%,none,Mosses,0,0,1-10%,0,1-10%,0,40-50%,90-100%,3,0,0,0,0,3,Low,187.9872531,183.5014,3737-3740 ,
35,2021,ST7576432814,Irregular,"Dropping Gutter, Greenlands, Shootershill Copse, Castlewood",302a,44,38,49,31,32,27,35.4,238.257954,3,"Western Hemlock, Birch, Holly",25,24,0,1,1,8.58,>50,0-10%,0-10%,0-10%,0-10%,none,Mosses,0,0,1-10%,0,1-10%,1-10%,60-70%,90-100%,3,0,0,0,0,3,Low,187.9872531,183.5014,7296-7299,
36,2019,ST7426435754,Early Transitioning Irregular,Kingswood Warren,807c,26,29,31,27,27,27,28.2,69.86854479,1,Douglas fir,25,38,0,1,0,12.48,>50,0-10%,0-10%,0-10%,0-10%,none,Bramble,60-70%,0,10-20%,0,20-30%,60-70%,50-60%,30-40%,3,0,0,0,0,3,Low,175.168977,181.7610662,pl36n-w,
36,2021,ST7426435754,Early Transitioning Irregular,Kingswood Warren,807c,30,28,28,32,34,30,30.4,69.86854479,1,Douglas Fir,25,45,0,0,0,13.26,>50,0-10%,0-10%,0-10%,0-10%,none,Bramble,70-80%,0,1-10%,10-20%,1-10%,50-60%,30-40%,30-40%,3,0,0,0,0,3,Low,175.168977,181.7610662,6986-6989,
37,2019,ST7420435754,Early Transitioning Irregular,Kingswood Warren,807c,28,27,31,31,33,28,30,57.82369769,2,"Sitka spruce, Norway spruce",27,37,0,0,0,8.32,>50,0-10%,0-10%,0-10%,0-10%,none,Mosses,0,0,0,0,1-10%,1-10%,30-40%,90-100%,3,0,0,0,0,3,Low,177.297211,176.8218524,pl37n-w,
37,2021,ST7420435754,Early Transitioning Irregular,Kingswood Warren,807c,40,28,32,23,34,35,30.4,57.82369769,3,"Sitka Spruce, Holly, Oak",30,45,0,0,0,8.06,>50,0-10%,0-10%,0-10%,0-10%,none,Mosses,0,1-10%,0,0,1-10%,1-10%,40-50%,90-100%,3,0,0,0,0,3,Low,177.297211,176.8218524,6990-6993,
38,2019,ST7426435814,Early Transitioning Irregular,Kingswood Warren,807c,24,31,31,32,32,33,31.8,45.36095882,2,"Douglas fir, Sitka spruce",12,30,20,0,0,15.6,>50,0-10%,0-10%,0-10%,0-10%,none,Mosses,20-30%,1-10%,1-10%,1-10%,0,60-70%,50-60%,80-90%,3,0,0,0,0,3,Low,179.1160474,179.0834856,pl38n-w,
38,2021,ST7426435814,Early Transitioning Irregular,Kingswood Warren,807c,34,37,35,31,38,35,35.2,45.36095882,5,"Sitka Spruce, Holly, Birch, Douglas Fir",12,32,20,5,1,11.44,>50,0-10%,0-10%,0-10%,0-10%,none,Mosses,20-30%,1-10%,1-10%,1-10%,0,50-60%,50-60%,80-90%,3,0,0,0,0,3,Low,179.1160474,179.0834856,6994-6997,
39,2019,ST7486435025,Mid Transitioning Irregular,Great and Little Combe,102b,18,96,59,36,37,38,53.2,30.38007372,6,"Doulgas Fir, Western Hemlock, Beech, Western Red Cedar, Holly, Birch",50,11,0,4,0,28.08,>50,0-10%,0-10%,10-20%,10-20%,Holly,Bramble,80-90%,10-20%,30-40%,1-10%,1-10%,60-70%,30-40%,60-70%,3,0,0,1,1,5,Low,158.792876,228.0590755,plot39N-W,
40,2019,ST7612432874,Irregular,"Dropping Gutter, Greenlands, Shootershill Copse, Castlewood",302g,18,20,18,18,19,89,32.8,119.1128612,6,"Oak, Birch, Lime, Holly, Hazel, Western Hemlock",0.5,14,100,0,0,9.36,>50,>50,10-20%,10-20%,0-10%,Lime,Grasses,1-10%,40-50%,30-40%,30-40%,0,0,1-10%,40-50%,3,3,1,1,0,8,High,129.4087767,151.601198,3758-3761,
40,2021,ST7607132839,Irregular,"Dropping Gutter, Greenlands, Shootershill Copse, Castlewood",302g,24,118,114,99,52,65,89.6,119.1128612,8,"Oak, Hazel, Lime. Holly, Western Hemlock, Sycamore, Birch, Rowan",1,13,100,3,3,12.48,>50,>50,0-10%,0-10%,0-10%,Lime,Grasses,0,0,10-20%,30-40%,10-20%,0,80-90%,40-50%,3,3,0,0,0,6,High,129.4087767,151.601198,7312=7315,*could not refind location and point in GPS wrong so did a measurment at ST7612732879 as marked poin 89 on Dan Alder GPS
41,2019,ST7588435034,Clear Fell,NT Park Hill,Park Hill,38,35,45,35,38,43,39.2,67.25279643,3,"Western Hemlock, Douglas Fir, Holly",50,17,0,0,0,15.6,>50,0-10%,0-10%,0-10%,20-50%,Western Hemlock,Bramble,40-50%,10-20%,1-10%,1-10%,0,20-30%,1-10%,40-50%,3,0,0,0,2,5,Low,184.0036221,212.7433908,3835-3838,
41,2021,ST7588435034,Clear Fell,NT Park Hill,Park Hill,38,41,42,44,36,48,42.2,67.25279643,5,"Birch, Beech, Douglas Fir, Western Hemlock, Holly",50,18,0,0,1,13.52,>50,0-10%,0-10%,10-20%,0-10%,Western Hemlock,Bramble,40-50%,20-30%,1-10%,1-10%,0,30-40%,20-30%,40-50%,3,0,0,1,0,4,Low,184.0036221,212.7433908,6902-6905,
42,2019,ST7582435034,Clear Fell,NT Park Hill,Park Hill,42,35,45,45,38,30,38.6,47.24161153,3,"Western Hemlock, Douglas Fir, Birch",50,24,0,0,0,n/a,>50,0-10%,0-10%,10-20%,0-10%,Western Hemlock,Bracken,1-10%,20-30%,10-20%,1-10%,0,1-10%,1-10%,40-50%,3,0,0,1,0,4,Low,173.4715013,210.7821873,3831-3834,
42,2021,ST7582435034,Clear Fell,NT Park Hill,Park Hill,44,31,38,46,48,35,39.6,47.24161153,5,"Beech, Douglas Fir, Western Hemlock, Sitka Spruce, Holly",50,24,0,0,0,2.86,>50,0-10%,10-20%,0-10%,0-10%,Western Hemlock,Bracken,10-20%,20-30%,20-30%,1-10%,0,20-30%,30-40%,50-60%,3,0,1,0,0,4,Low,173.4715013,210.7821873,6898-6901,
43,2019,ST7576435034,Clear Fell,NT Park Hill,Park Hill,34,40,66,48,45,34,46.6,30.79226734,4,"Doulgas Fir, Sitka spruce, Western Hemlock, Birch",50,20,0,0,0,n/a,>50,0-10%,0-10%,0-10%,20-50%,Western Hemlock,Bramble,1-10%,0,0,1-10%,1-10%,40-50%,10-20%,20-30%,3,0,0,0,2,5,Low,177.6548927,202.53799,3827-3830,
43,2021,ST7576435034,Clear Fell,NT Park Hill,Park Hill,38,35,47,51,72,33,47.6,30.79226734,5,"Holly, Douglas Fir, Sitka Spruce, Birch, Western Hemlock",50,21,0,0,0,8.32,>50,0-10%,0-10%,10-20%,0-10%,Western Hemlock,Bramble,20-30%,1-10%,0,0,1-10%,40-50%,40-50%,30-40%,3,0,0,1,0,4,Low,177.6548927,202.53799,6894-6897,
44,2019,ST7522435034,Mid Transitioning Irregular,Great and Little Combe,104b,26,43,44,44,46,92,53.8,68.68596178,6,"oak, beech, larch, hemlock, norway,holly",4,22,50,3,5,15.6,20-50%,10-20%,10-20%,0-10%,0-10%,Western Hemlock,Bracken,1-10%,1-10%,1-10%,0,10-20%,10-20%,50-60%,40-50%,2,1,1,0,0,4,Low,192.4466504,234.3263987,Pl44n-w,
45,2019,ST7498435034,Mid Transitioning Irregular,Great and Little Combe,103a,22,95,59,47,43,36,56,49.60050282,6,"Western Hemlock, Sitka Spruce, Douglas Fir, Rowan, Birch, holly",7,19,15,7,3,13.52,20-50%,20-50%,20-50%,20-50%,20-50%,Western Hemlock,Bracken,10-20%,20-30%,10-20%,10-20%,1-10%,30-40%,30-40%,40-50%,2,2,2,2,2,10,High,197.4394605,217.5879158,Plot45N-W,
46,2019,ST7582432754,Irregular,"Dropping Gutter, Greenlands, Shootershill Copse, Castlewood",301f,22,83,50,34,74,51,58.4,294.1969743,5,"Douglas Fir, Western Hemlock, Birch, Sitka Spruce, Japanese Larch",50,6,0,0,0,23.92,>50,0-10%,>50,20-50%,10-20%,Western Hemlock,Bramble,40-50%,30-40%,1-10%,0,1-10%,1-10%,70-80%,20-30%,3,0,3,2,1,9,High,157.6983982,187.688507,3741-3744,
46,2021,ST7581632758,Irregular,"Dropping Gutter, Greenlands, Shootershill Copse, Castlewood",301f,24,69,83,50,79,90,74.2,294.1969743,6,"Douglas Fir, Sitka Spruce, Birch, Larch, Silver Fir, Western Hemlock",50,18,0,1,0,25.74,>50,0-10%,>50,0-10%,10-20%,Western Hemlock,Bracken,20-30%,50-60%,1-10%,1-10%,1-10%,20-30%,70-80%,80-90%,3,0,3,0,1,7,High,157.6983982,187.688507,7292-7295,
47,2019,ST7576435094,Clear Fell,NT Park Hill,Park Hill,52,44,41,55,30,31,40.2,54.95954228,3,"Western Hemlock, Sitka Spruce, Douglas Fir",100,33,0,1,0,n/a,>50,0-10%,0-10%,0-10%,0-10%,none,Bracken,0,1-10%,0,0,1-10%,1-10%,80-90%,90-100%,3,0,0,0,0,3,Low,184.5637186,220.7072586,3822-3826,
47,2021,ST7576435094,Clear Fell,NT Park Hill,Park Hill,56,60,46,61,48,42,51.4,54.95954228,2,"Douglas Fir, Sitka Spruce, ",100,33,0,1,0,1.56,>50,0-10%,0-10%,0-10%,0-10%,none,Bracken,0,10-20%,0,0,1-10%,1-10%,80-90%,90-100%,3,0,0,0,0,3,Low,184.5637186,220.7072586,6890-6893,
48,2019,ST7570435094,Clear Fell,NT Park Hill,Park Hill,36,39,47,40,73,27,45.2,61.18202543,5,"Sitka Spruce, Western Hemlock, Oak, /holly, Douglas Fir",75,19,0,0,0,n/a,>50,0-10%,0-10%,0-10%,0-10%,Western Hemlock,Mosses,1-10%,1-10%,1-10%,0,1-10%,50-60%,20-30%,50-60%,3,0,0,0,0,3,Low,180.6159562,212.8980039,380-3811,
48,2021,ST7570435094,Clear Fell,NT Park Hill,Park Hill,38,58,77,40,45,44,52.8,61.18202543,4,"Sitka Spruce, Douglas Fir, Holly,Wester Nemlock ",50,18,0,0,0,14.82,>50,0-10%,0-10%,10-20%,0-10%,Western Hemlock,Mosses,10-20%,1-10%,1-10%,1-10%,10-20%,50-60%,30-40%,50-60%,3,0,0,1,0,4,Low,180.6159562,212.8980039,6886-6889,
49,2019,ST7570432754,Irregular,"Dropping Gutter, Greenlands, Shootershill Copse, Castlewood",301d,40,80,72,73,70,94,77.8,183.9641402,3,"Sweet Chesnut, Holly, Western Hemlock",1,12,100,20,6,5.2,>50,10-20%,0-10%,0-10%,0-10%,Holly,Bracken,0,1-10%,1-10%,0,0,1-10%,0,90-100%,3,1,0,0,0,4,Low,140.4483781,197.5104826,3745-3748,
49,2021,ST7570432754,Irregular,"Dropping Gutter, Greenlands, Shootershill Copse, Castlewood",301d,36,92,90,89,111,77,91.8,183.9641402,4,"Sweet Chestnut, Western Hemlock, Holly, RoWAN",1,15,100,35,7,2.86,>50,10-20%,>50,0-10%,0-10%,Holly,Bracken,0,20-30%,10-20%,0,0,1-10%,20-30%,90-100%,3,1,3,0,0,7,High,140.4483781,197.5104826,7287-7290,
50,2019,ST7516434914,Mid Transitioning Irregular,Great and Little Combe,103a,26,48,49,57,43,41,47.6,51.50895552,3,"Western Hemlock,Douglas Fir, western red cedar",70,11,0,0.5,0,12.48,>50,0-10%,0-10%,20-50%,0-10%,Western Red Cedar,Bramble,60-70%,20-30%,1-10%,0,1-10%,40-50%,10-20%,40-50%,3,0,0,2,0,5,Low,176.5983259,206.7206546,Plot50N-W,
51,2019,ST7564432754,Irregular,"Dropping Gutter, Greenlands, Shootershill Copse, Castlewood",301d,34,82,78,84,68,76,77.6,125.2914107,6,"Sweet Chesnut, Oak, Holly, Sitka Spruce, Western Hemlock, Western Red Cedar",4,10,100,5,0,n/a,>50,0-10%,10-20%,0-10%,0-10%,Holly,Bracken,1-10%,30-40%,10-20%,0,0,1-10%,10-20%,90-100%,3,0,1,0,0,4,Low,78.88502524,201.6062135,3749-3752,
51,2021,ST7564432754,Irregular,"Dropping Gutter, Greenlands, Shootershill Copse, Castlewood",301d,32,62,63,80,87,75,73.4,125.2914107,7,"Sweet chestut, Holly, Oak, Western Hemlock, Rowan, Doulgas Fir, Western Red Cedar",4,12,100,35,10,4.42,>50,0-10%,20-50%,0-10%,0-10%,Western Hemlock,Bracken,1-10%,50-60%,10-20%,0,1-10%,1-10%,30-40%,90-100%,3,0,2,0,0,5,Low,78.88502524,201.6062135,7283-7286,
52,2019,ST7510434914,Mid Transitioning Irregular,Great and Little Combe,103a,26,96,96,93,72,51,81.6,66.97753659,5,"Douglas Fir,  Western Hemlock, Birch, holly, sitka",30,22,0,4,2,12.48,10-20%,10-20%,0-10%,0-10%,10-20%,Holly,Bracken,10-20%,30-40%,1-10%,20-30%,10-20%,30-40%,10-20%,50-60%,1,1,0,0,1,3,Low,170.9606526,212.3187489,Plot52N-W,
53,2019,ST7489834968,Mid Transitioning Irregular,Great and Little Combe,102b,30,54,44,47,47,46,47.6,14.96325013,5,"Sitka, Douglas fir, Beech, Holly, Western hemlock",30,20,0,2,0,8.32,>50,0-10%,0-10%,0-10%,0-10%,holly,Bramble,80-90%,30-40%,50-60%,1-10%,1-10%,70-80%,20-30%,70-80%,3,0,0,0,0,3,Low,168.771894,221.2904616,pl53n-w,
54,2019,ST7594434974,Clear Fell,NT Park Hill,Park Hill,58,51,50,47,63,46,51.4,45.56094358,2,"Sitka Spruce, Western Hemlock",60,36,0,0,0,4.16,>50,0-10%,0-10%,0-10%,0-10%,Western Hemlock,Mosses,1-10%,1-10%,0,1-10%,1-10%,1-10%,50-60%,90-100%,3,0,0,0,0,3,Low,179.6165131,212.8191928,3883-3886,
54,2021,ST7594434974,Clear Fell,NT Park Hill,Park Hill,60,65,47,31,55,57,51,45.56094358,3,"Sitka Spruce, Western Hemlock, Douglas Fir, Holly",60,38,0,9,0,2.86,>50,0-10%,0-10%,0-10%,0-10%,Western Hemlock,Bracken,0,1-10%,0,0,1-10%,1-10%,50-60%,90-100%,3,0,0,0,0,3,Low,179.6165131,212.8191928,6910-6913,
55,2019,ST7594432694,Irregular,"Dropping Gutter, Greenlands, Shootershill Copse, Castlewood",302g,32,133,20,22,24,26,45,220.7000941,5,"Sitka Spruce, Oak, Birch, Goat Willow, Western Hemlock",15,28,20,3,0,n/a,>50,0-10%,0-10%,0-10%,0-10%,Birch,Mosses,0,1-10%,1-10%,1-10%,0,1-10%,40-50%,90-100%,3,0,0,0,0,3,Low,173.9007687,163.4455755,3770-3773,
55,2021,ST7597532791,Irregular,"Dropping Gutter, Greenlands, Shootershill Copse, Castlewood",302g,32,33,33,27,35,138,53.2,220.7000941,7,"Western Hemlock, Oak, Willow, Sitka Spruce, Birch, Rowan, Holly",3,37,25,7,2,4.68,>50,0-10%,0-10%,0-10%,0-10%,Birch,Bracken,0,30-40%,20-30%,1-10%,1-10%,10-20%,40-50%,90-100%,3,0,0,0,0,3,Low,173.9007687,163.4455755,7304-7307,
56,2019,ST7588434974,Clear Fell,NT Park Hill,Park Hill,40,34,37,43,30,31,35,15.87741711,5,"Douglas Fir, Japanese Larch, Western Hemlock, Oak, Birch",7,22,5,0,0,10.4,>50,0-10%,0-10%,10-20%,20-50%,Western Hemlock,Bramble,30-40%,1-10%,0,1-10%,1-10%,50-60%,40-50%,1-10%,3,0,0,1,2,6,High,180.4056693,199.0534627,3879-3882,
56,2021,ST7588434974,Clear Fell,NT Park Hill,Park Hill,38,46,40,36,32,35,37.8,15.87741711,5,"Birch, Douglas Fir, Western Hemlock, Japanese Larch, Norway Spruce",10,21,5,0,1,10.66,>50,0-10%,10-20%,10-20%,0-10%,Western Hemlock,Bramble,40-50%,10-20%,1-10%,0,0,50-60%,40-50%,40-50%,3,0,1,1,0,5,Low,180.4056693,199.0534627,6906-6909,
57,2019,ST7528434974,Mid Transitioning Irregular,Great and Little Combe,104a,n/a,19,21,22,23,35,24,59.23140568,3,"western hemlock, Douglas, Sitka",30,10,0,11,2,39.52,10-20%,0-10%,0-10%,0-10%,0-10%,Douglas Fir,Bracken,1-10%,30-40%,30-40%,0,10-20%,1-10%,10-20%,70-80%,1,0,0,0,0,1,Low,198.8426189,223.3588489,Pl57n-w,
58,2019,ST7522434974,Mid Transitioning Irregular,Great and Little Combe,104a,28,71,69,62,58,59,63.8,26.98568117,4,"western hemlock, Douglas, birch, western red cedar",50,15,0,4,5,13.52,>50,20-50%,0-10%,0-10%,0-10%,Western Red Cedar,Bramble,60-70%,1-10%,0,1-10%,1-10%,60-70%,50-60%,50-60%,3,2,0,0,0,5,Low,177.8785057,221.392488,pl58n-w,
59,2019,ST7504434974,Mid Transitioning Irregular,Great and Little Combe,103a,22,100,83,83,48,44,71.6,47.17834667,7,"Douglas, sitka, rowan, western hemlock, holly, beech",20,26,5,2,1,17.68,20-50%,10-20%,10-20%,10-20%,10-20%,Western Hemlock,Bracken,10-20%,10-20%,10-20%,1-10%,1-10%,50-60%,30-40%,40-50%,2,1,1,1,1,6,High,163.0721263,216.5271728,Plot59N-W,
60,2019,ST7606434854,Clear Fell,NT Park Hill,Park Hill,38,34,38,30,39,39,36,60.40666652,2,"Douglas Fir, Western Hemlock",40,14,0,0,10,22.88,>50,0-10%,0-10%,0-10%,0-10%,none,Bracken,1-10%,1-10%,1-10%,1-10%,1-10%,1-10%,80-90%,70-80%,3,0,0,0,0,3,Low,198.1270321,207.7380185,3891-3894,
60,2021,ST7606434854,Clear Fell,NT Park Hill,Park Hill,42,33,34,38,38,30,34.6,60.40666652,4,"Douglas Fir, Western Hemlock, Birch, Holly",40,18,0,0,1,23.4,>50,0-10%,0-10%,0-10%,0-10%,none,Bramble,20-30%,1-10%,1-10%,1-10%,1-10%,1-10%,70-80%,60-70%,3,0,0,0,0,3,Low,198.1270321,207.7380185,6918-6921,
61,2019,ST7546434854,Mid Transitioning Irregular,Great and Little Combe,104a,30,64,68,64,70,70,67.2,81.92317523,4,"Douglas, Hemlock, Holly, Beech",55,21,5,0,1,12.48,>50,0-10%,>50,10-20%,0-10%,Western Hemlock,Bramble,1-10%,1-10%,1-10%,0,0,1-10%,70-80%,80-90%,3,0,3,1,0,7,High,184.3820609,229.2919433,Pl61n-w,
62,2019,ST7552432694,Irregular,"Dropping Gutter, Greenlands, Shootershill Copse, Castlewood",301f,20,60,47,48,57,56,53.6,58.86333937,2,"Western Hemlock, Western Red Cedar",40,7,0,1,0,13.52,>50,0-10%,0-10%,>50,0-10%,Western Hemlock,Bracken,0,1-10%,1-10%,0,0,0,80-90%,90-100%,3,0,0,3,0,6,High,154.3749118,229.6153961,3754-3757,
62,2021,ST7552432694,Irregular,"Dropping Gutter, Greenlands, Shootershill Copse, Castlewood",301f,26,59,60,51,57,62,57.8,58.86333937,4,"Western Hemloc, Western Red Cedar, Holly, Birch",40,9,0,2,0,16.64,>50,0-10%,0-10%,>50,0-10%,Western Hemlock,Bracken,0,10-20%,0,0,1-10%,1-10%,80-90%,90-100%,3,0,0,3,0,6,High,154.3749118,229.6153961,7279-7282,
63,2019,ST7540434854,Mid Transitioning Irregular,Great and Little Combe,104a,24,43,72,78,62,58,62.6,31.70847826,3,"Douglas, Western hemlock, holly, ",40,6,0,4,2,20.8,20-50%,0-10%,0-10%,0-10%,0-10%,Western Hemlock,Bramble,40-50%,10-20%,1-10%,10-20%,10-20%,30-40%,60-70%,30-40%,2,0,0,0,0,2,Low,201.1882722,211.5734191,Pl63n-w,
64,2019,ST7522434854,Mid Transitioning Irregular,Great and Little Combe,103a,32,92,73,53,58,47,64.6,57.59796302,3,"western red, Douglas, Sitka",35,23,0,9,3,10.4,>50,10-20%,0-10%,0-10%,10-20%,Western Red Cedar,bracken,30-40%,20-30%,20-30%,30-40%,1-10%,30-40%,20-30%,50-60%,3,1,0,0,1,5,Low,176.9983822,201.9756832,Pl64n-w,
65,2019,ST7492434854,Mid Transitioning Irregular,Great and Little Combe,102b,30,39,40,44,49,41,42.6,46.22983491,4,"Douglas, wetsern hemlock, larch, holly",60,25,0,2,0,9.36,>50,0-10%,0-10%,0-10%,0-10%,holly,Bramble,60-70%,40-50%,10-20%,1-10%,1-10%,30-40%,20-30%,40-50%,3,0,0,0,0,3,Low,155.9234393,223.7393166,Plot65N-W,
66,2019,ST7600434914,Clear Fell,NT Park Hill,Park Hill,42,33,32,37,51,50,40.6,42.40606466,4,"Douglas Fir, Sitka Spruce, Western Hemlock",50,17,0,1,0.5,15.6,>50,0-10%,0-10%,0-10%,0-10%,none,No field layer,0,0,1-10%,1-10%,0,0,90-100%,70-80%,3,0,0,0,0,3,Low,186.1237042,205.2454825,3887-3890,
66,2021,ST7600434914,Clear Fell,NT Park Hill,Park Hill,42,39,35,56,55,42,45.4,42.40606466,3,"Douglas Fir, Sitka Spruce, Western Hemlock",50,19,0,6,1,16.38,>50,0-10%,0-10%,0-10%,0-10%,none,No field layer,1-10%,0,1-10%,0,1-10%,1-10%,90-100%,90-100%,3,0,0,0,0,3,Low,186.1237042,205.2454825,6914-6917,
67,2019,ST7540434914,Mid Transitioning Irregular,Great and Little Combe,104a,26,65,63,61,62,63,62.8,75.47428731,3,"Douglas, Western hemlock, holly, ",45,30,0,1,2,22.88,20-50%,20-50%,20-50%,10-20%,0-10%,Western Hemlock,Bramble,10-20%,1-10%,1-10%,0,1-10%,1-10%,70-80%,50-60%,2,2,2,1,0,7,High,180.2284943,235.2870865,Pl67n-w,
68,2019,ST7618432694,Irregular,"Dropping Gutter, Greenlands, Shootershill Copse, Castlewood",302h,16,61,51,20,61,50,48.6,80.26366432,9,"Oak, Holly, Birch, Sitka Spruce, Western Hemlock, Western Red Cedar, Common Alder, Douglas Fir, Rowan",10,10,40,2,3,n/a,20-50%,20-50%,0-10%,0-10%,0-10%,Holly,Bracken,0,20-30%,20-30%,1-10%,1-10%,0,40-50%,50-60%,2,2,0,0,0,4,Low,123.2609002,150.1589796,3762-3765,
68,2021,ST7618432694,Irregular,"Dropping Gutter, Greenlands, Shootershill Copse, Castlewood",302h,16,60,23,54,55,55,49.4,80.26366432,9,"Western Red Cedar, Sycamore, Rowan, Commn Alder, Birch, Douglas Fir, Silver Fir, Holly, Oak",10,10,50,2,0,30.42,>50,>50,0-10%,0-10%,0-10%,Holly,Bracken,0,70-80%,20-30%,1-10%,1-10%,20-30%,40-50%,50-60%,3,3,0,0,0,6,High,123.2609002,150.1589796,7324-7327,
69,2019,ST7534434914,Mid Transitioning Irregular,Great and Little Combe,104a,25,26,35,38,58,28,37,50.50947736,3,"western hemlock, Douglas, sitka",70,24,0,2,1,27.04,20-50%,10-20%,0-10%,0-10%,0-10%,Western Hemlock,Bracken,10-20%,20-30%,1-10%,10-20%,1-10%,20-30%,30-40%,60-70%,2,1,0,0,0,3,Low,198.5549579,217.2369294,pl69n-w,
70,2019,ST7558434734,Mid Transitioning Irregular,Great and Little Combe,104a,32,72,62,64,52,49,59.8,59.38912691,3,"Douglas, Western hemlock, Birch",25,13,5,2,0,14.56,20-50%,10-20%,20-50%,10-20%,0-10%,Western Hemlock,Bramble,60-70%,1-10%,1-10%,0,0,20-30%,50-60%,60-70%,2,1,2,1,0,6,High,190.9920981,208.1693078,pl70n-w,
71,2019,ST7552434734,Mid Transitioning Irregular,Great and Little Combe,104a,22,54,64,69,50,51,57.6,30.94799454,3,"Western Hemlock, Douglas, Western red cedar",40,18,0,7,0,33.28,20-50%,0-10%,0-10%,0-10%,0-10%,Western Hemlock,Bramble,40-50%,1-10%,1-10%,0,1-10%,30-40%,60-70%,60-70%,2,0,0,0,0,2,Low,205.8775804,198.419408,Plot71n-w,
72,2019,ST7504434734,Mid Transitioning Irregular,Great and Little Combe,102e,16,67,63,60,61,58,61.8,69.9342703,5,"western hemlock, western red cedar, sitka spruce, beech, birch",70,9,0,0,0,43.68,20-50%,0-10%,10-20%,10-20%,10-20%,Western Hemlock,Bramble,30-40%,20-30%,1-10%,10-20%,1-10%,20-30%,1-10%,30-40%,2,0,1,1,1,5,Low,146.6112389,223.0115982,Plot72N-W,
73,2019,ST7498434734,Mid Transitioning Irregular,Great and Little Combe,102b,30,85,77,54,51,51,63.6,31.87610802,4,"Douglas Fir, Western Hemlock, sitka spruce, holly",50,11,0,3,0,13.52,20-50%,0-10%,0-10%,0-10%,0-10%,Western Hemlock,Bramble,40-50%,30-40%,1-10%,0,1-10%,20-30%,10-20%,10-20%,2,0,0,0,0,2,Low,129.1948573,230.9069181,Plot73N-W,
74,2019,ST7576432574,Irregular,"Dropping Gutter, Greenlands, Shootershill Copse, Castlewood",301f,26,24,25,21,60,34,32.8,195.9178531,2,"Western Hemlock, Ditka Spruce",30,8,0,2,10,30.16,>50,0-10%,0-10%,0-10%,20-50%,Western Hemlock,Bracken,30-40%,20-30%,1-10%,1-10%,1-10%,1-10%,10-20%,20-30%,3,0,0,0,2,5,Low,161.3500781,180.3263286,,
74,2021,ST7576432574,Irregular,"Dropping Gutter, Greenlands, Shootershill Copse, Castlewood",301f,22,54,59,75,45,27,52,195.9178531,4,"Larch, Western Hemlock, , Sitka Spruce, Holly",30,10,0,45,1,24.44,>50,0-10%,20-50%,0-10%,0-10%,Western Hemlock,Bracken,10-20%,50-60%,1-10%,1-10%,1-10%,50-60%,30-40%,50-60%,3,0,2,0,0,5,Low,161.3500781,180.3263286,7267-7270,
75,2019,ST7606434794,Clear Fell,NT Park Hill,Park Hill,36,36,33,48,59,57,46.6,40.95833885,2,"Douglas Fir, Western Hemlock",40,13,0,0,0,14.56,>50,0-10%,0-10%,0-10%,0-10%,none,Foxglove,0,1-10%,10-20%,1-10%,0,1-10%,70-80%,50-60%,3,0,0,0,0,3,Low,189.6922803,207.0360551,3895-3898,
75,2021,ST7606434794,Clear Fell,NT Park Hill,Park Hill,38,50,38,58,34,51,46.2,40.95833885,4,"Beech, Holly, Western Hemlock, Douglas Fir",40,14,0,0,0,10.14,>50,0-10%,0-10%,0-10%,0-10%,none,Bracken,1-10%,10-20%,10-20%,1-10%,0,30-40%,70-80%,40-50%,3,0,0,0,0,3,Low,189.6922803,207.0360551,6922-6925,
76,2019,ST7564432574,Irregular,"Dropping Gutter, Greenlands, Shootershill Copse, Castlewood",301f,14,78,16,31,32,71,45.6,93.14588211,8,"Western Red Cedar, Douglas Fir, Sitka Spruce, Birch, Silver Fir, Western Hemlock, Holly, Beech",15,11,0,4,10,n/a,20-50%,10-20%,20-50%,0-10%,20-50%,Sitka Spruce,Bramble,50-60%,20-30%,1-10%,0,1-10%,1-10%,10-20%,70-80%,2,1,2,0,2,7,High,162.4460562,212.6569866,3854-3857,
76,2021,ST7564432574,Irregular,"Dropping Gutter, Greenlands, Shootershill Copse, Castlewood",301f,14,22,38,71,14,76,44.2,93.14588211,8,"Western Hemlock, Douglas Fir, Larch, Western Red Cedar, Holly, Birch, Sitka Spruce, Silver Fir",25,10,0,10,0,40.3,20-50%,10-20%,20-50%,10-20%,0-10%,Sitka Spruce,Bracken,50-60%,50-60%,1-10%,0,1-10%,1-10%,60-70%,70-80%,2,1,2,1,0,6,High,162.4460562,212.6569866,7275-7278,
77,2019,ST7558434794,Mid Transitioning Irregular,Great and Little Combe,104a,30,62,67,70,73,72,68.8,85.06901861,5,"Douglas, Birch, Beech, Scots pine, Western hemlock",3,28,30,7,1,12.48,20-50%,20-50%,10-20%,0-10%,0-10%,Beech,Bramble,30-40%,1-10%,10-20%,1-10%,1-10%,10-20%,50-60%,70-80%,2,2,1,0,0,5,Low,185.8236908,225.4631468,Pl77n-w,
78,2019,ST7546434794,Mid Transitioning Irregular,Great and Little Combe,104a,28,36,37,38,39,42,38.4,40.38664807,3,"western hemlock, douglas, sitka",20,22,0,0,8,9.36,>50,20-50%,0-10%,0-10%,0-10%,Western Hemlock,Bramble,70-80%,20-30%,1-10%,1-10%,0,30-40%,40-50%,60-70%,3,2,0,0,0,5,Low,184.3254199,202.5559843,Plot78n-w,
79,2019,ST7496634827,Mid Transitioning Irregular,Great and Little Combe,102b,26,43,47,47,59,63,51.8,28.90246589,4,"western hemlock, western red, douglas, sitka",40,17,0,2,3,11.44,>50,0-10%,0-10%,10-20%,0-10%,Western Red Cedar,Bramble,40-50%,20-30%,1-10%,1-10%,1-10%,50-60%,20-30%,30-40%,3,0,0,1,0,4,Low,164.7017623,222.0297981,Plot 79N-W,
80,2019,ST7618432634,Irregular,"Dropping Gutter, Greenlands, Shootershill Copse, Castlewood",302a,22,27,34,45,28,30,32.8,108.2610449,7,"Douglas Fir, Western Hemlock, Western Red Cedar, Holly, Birch, Beech, Sitka Spruce",25,13,0,0,0,n/a,>50,0-10%,20-50%,0-10%,0-10%,Western Hemlock,Bracken,1-10%,40-50%,20-30%,10-20%,1-10%,0,20-30%,20-30%,3,0,2,0,0,5,Low,164.3178367,156.4630336,3766-3769,
80,2021,ST7618432634,Irregular,"Dropping Gutter, Greenlands, Shootershill Copse, Castlewood",302a,20,37,46,39,45,28,39,108.2610449,6,"Doug;as Fir, Western Hemlock, Holly, Birch, Western Red Cedar, Beech",40,14,0,0,0,29.12,>50,0-10%,>50,0-10%,0-10%,Western Hemlock,Bracken,1-10%,60-70%,20-30%,30-40%,0,10-20%,20-30%,20-30%,3,0,3,0,0,6,High,164.3178367,156.4630336,7320-7323,
81,2019,ST7630434494,Clear Fell,NT Park Hill,Tucking Mill Hanging,51,53,59,69,51,53,57,47.0593902,3,"Douglas, Western hemlock, holly, ",35,16,10,0,3,8.32,>50,0-10%,0-10%,20-50%,10-20%,Western Hemlock,Bramble,10-20%,1-10%,30-40%,0,10-20%,30-40%,10-20%,80-90%,3,0,0,2,1,6,High,197.3862915,201.5699527,Pl81n-w,
81,2021,ST7630434494,Clear Fell,NT Park Hill,Tucking Mill Hanging,44,50,60,64,67,52,58.6,47.0593902,3,"Douglas Fir, Western Hemlock, Holly",35,15,0,0,0,13,>50,0-10%,10-20%,20-50%,0-10%,Western Hemlock,Bramble,20-30%,1-10%,20-30%,0,1-10%,1-10%,1-10%,80-90%,3,0,1,2,0,6,High,197.3862915,201.5699527,6946-6949,
82,2019,ST7624434554,Clear Fell,NT Park Hill,Tucking Mill Hanging,38,62,59,62,51,59,58.6,64.23619551,3,"Western Hemlock, Douglas Fir, Holly",30,9,0,0,1,8.32,>50,0-10%,0-10%,0-10%,10-20%,Western Hemlock,Bracken,1-10%,1-10%,1-10%,1-10%,1-10%,0,0,90-100%,3,0,0,0,1,4,Low,174.351799,207.5556255,3911-3914,
82,2021,ST7624434554,Clear Fell,NT Park Hill,Tucking Mill Hanging,34,50,66,69,56,56,59.4,64.23619551,3,"Western Hemlock, Douglas Fir, Holly",50,8,0,0,1,11.96,>50,0-10%,0-10%,10-20%,0-10%,Western Hemlock,Bramble,20-30%,1-10%,1-10%,1-10%,1-10%,1-10%,20-30%,80-90%,3,0,0,1,0,4,Low,174.351799,207.5556255,6938-6941,
83,2019,ST7522434554,Mid Transitioning Irregular,Great and Little Combe,102e,34,57,76,71,61,64,65.8,56.96415839,4,"Western Hemlock, Douglas Fir, Sitka Spruce, holly",80,18,0,0,7,14.56,>50,0-10%,0-10%,0-10%,0-10%,Western Hemlock,Bracken,1-10%,30-40%,0,1-10%,1-10%,30-40%,30-40%,40-50%,3,0,0,0,0,3,Low,177.4882161,222.1561122,plot83 N-W,
84,2019,ST7516434554,Mid Transitioning Irregular,Great and Little Combe,102e,20,55,68,40,44,39,49.2,66.00226571,4,"Western Hemlock, Douglas Fir, Sitka Spruce, Western red cedar",60,25,0,5,1,22.88,20-50%,10-20%,0-10%,0-10%,0-10%,Western Hemlock,Bracken,0,10-20%,0,0,1-10%,60-70%,30-40%,20-30%,2,1,0,0,0,3,Low,168.5669734,219.4826596,plot84N-W,
85,2019,ST7618434614,Clear Fell,NT Park Hill,Park Hill,42,41,56,49,45,40,46.2,40.42305612,4,"Western Hemlock, Sitka Spruce, Douglas Fir, Holly",40,15,0,3,0,10.4,>50,0-10%,0-10%,0-10%,0-10%,Western Hemlock,Bracken,1-10%,50-60%,1-10%,1-10%,0,1-10%,1-10%,20-30%,3,0,0,0,0,3,Low,177.8105104,198.439064,3907-3910,
85,2021,ST7618434614,Clear Fell,NT Park Hill,Park Hill,46,51,58,40,43,44,47.2,40.42305612,4,"Douglas Fir, Western HemlockSitka Spruce, Holly",40,15,0,3,0,8.84,>50,0-10%,0-10%,0-10%,0-10%,Western Hemlock,Bracken,1-10%,60-70%,1-10%,1-10%,0,30-40%,30-40%,10-20%,3,0,0,0,0,3,Low,177.8105104,198.439064,6934-6937,
86,2019,ST7618434674,Clear Fell,NT Park Hill,Park Hill,46,57,43,45,46,33,44.8,67.25753625,2,"Douglas Fir, Western Hemlock",40,13,0,3,0,n/a,>50,0-10%,0-10%,0-10%,0-10%,none,Bracken,1-10%,30-40%,1-10%,10-20%,1-10%,10-20%,10-20%,30-40%,3,0,0,0,0,3,Low,191.2883584,211.6051668,3903-3906,
86,2021,ST7618434674,Clear Fell,NT Park Hill,Park Hill,52,49,49,49,57,59,52.6,67.25753625,3,"Douglas Fir, Western Hemlock, Holly",40,12,0,2,0,11.96,>50,0-10%,0-10%,10-20%,0-10%,Western Hemlock,Bracken,1-10%,50-60%,1-10%,1-10%,0,1-10%,30-40%,30-40%,3,0,0,1,0,4,Low,191.2883584,211.6051668,6930-6933,
87,2019,ST7612434674,Clear Fell,NT Park Hill,Park Hill,34,48,57,53,42,47,49.4,33.5691368,4,"Douglas Fir, Western Hemlock, Holly, Birch",40,11,0,0,0,n/a,>50,0-10%,0-10%,20-50%,0-10%,Western Hemlock,Bramble,20-30%,10-20%,1-10%,1-10%,0,40-50%,10-20%,20-30%,3,0,0,2,0,5,Low,174.7838593,203.367683,3899-3902,
87,2021,ST7612434674,Clear Fell,NT Park Hill,Park Hill,36,48,61,54,46,47,51.2,33.5691368,5,"Beech, Holly, Douglas Fir,  Western Hemlock, Birch",40,11,0,0,0,12.74,>50,0-10%,20-50%,0-10%,10-20%,Western Hemlock,Bramble,30-40%,1-10%,1-10%,1-10%,0,40-50%,40-50%,30-40%,3,0,2,0,1,6,High,174.7838593,203.367683,6926-6929,
88,2019,ST7564434734,Mid Transitioning Irregular,Great and Little Combe,104a,26,95,82,58,56,37,65.6,48.45950905,4,"Douglas, Western Hemlock, Beech, Sweet Chestnut",7,16,40,17,4,18.72,>50,20-50%,0-10%,0-10%,0-10%,Sweet Chestnut,Bramble,50-60%,10-20%,50-60%,1-10%,1-10%,10-20%,50-60%,50-60%,3,2,0,0,0,5,Low,179.9324449,213.5231524,pl88n-w,
89,2019,ST7648434314,Clear Fell,NT Park Hill,Tucking Mill Hanging,42,57,62,64,54,46,56.6,69.32533764,5,"Douglas,Sitka,  Western Hemlock, Beech, Birch",25,10,10,0,3,8.32,>50,0-10%,0-10%,0-10%,0-10%,Douglas Fir,Bracken,40-50%,50-60%,20-30%,1-10%,0,10-20%,20-30%,70-80%,3,0,0,0,0,3,Low,173.1977507,199.5612472,pl89n-w,
89,2021,ST7648434314,Clear Fell,NT Park Hill,Tucking Mill Hanging,42,56,55,56,58,67,58.4,69.32533764,6,"Douglas Fir, Beech, Western Hemlock, Birch, Rowan Holly",25,11,10,10,2,11.96,>50,0-10%,0-10%,10-20%,0-10%,Douglas Fir,Bracken,40-50%,70-80%,20-30%,0,1-10%,10-20%,20-30%,80-90%,3,0,0,1,0,4,Low,173.1977507,199.5612472,6970-6973,
90,2019,ST7648434374,Clear Fell,NT Park Hill,Tucking Mill Hanging,30,44,52,52,54,56,51.6,108.5308739,6,"Douglas, Western Hemlock, Beech, Wester Red cedar, Holly, Rowan",40,11,0,0,0,8.32,>50,0-10%,0-10%,0-10%,0-10%,Western Hemlock,Bracken,20-30%,60-70%,40-50%,1-10%,1-10%,30-40%,20-30%,70-80%,3,0,0,0,0,3,Low,199.698242,213.5381186,pl90n-w,
90,2021,ST7648434374,Clear Fell,NT Park Hill,Tucking Mill Hanging,34,64,56,56,56,53,57,108.5308739,5,"Douglas Fir, Beech, Western Hemlock, Holly, Western Red cedar",40,11,0,0,1,3.64,>50,0-10%,10-20%,0-10%,0-10%,Western Hemlock,Bracken,30-40%,80-90%,20-30%,0,1-10%,20-30%,10-20%,80-90%,3,0,1,0,0,4,Low,199.698242,213.5381186,6966-6969,
91,2019,ST7570432454,Irregular,"Dropping Gutter, Greenlands, Shootershill Copse, Castlewood",301f,20,45,10,36,34,51,35.2,81.9490183,5,"Silver Fir, Holly, Beech, Douglas Fir, Sitka Spruce",20,10,0,0,1,31.2,>50,0-10%,10-20%,0-10%,20-50%,Silver Fir,Bracken,40-50%,80-90%,1-10%,1-10%,1-10%,1-10%,10-20%,70-80%,3,0,1,0,2,6,High,156.1547606,198.4584627,3850-3853,
91,2021,ST7570432454,Irregular,"Dropping Gutter, Greenlands, Shootershill Copse, Castlewood",301f,18,50,47,47,46,49,47.8,81.9490183,5,"Silver Fir, Douglas Fir, Holly, Beech, Sitka Spruce",20,11,0,0,0,29.64,>50,0-10%,20-50%,0-10%,0-10%,Silver Fir,Bracken,30-40%,80-90%,1-10%,0,1-10%,1-10%,10-20%,70-80%,3,0,2,0,0,5,Low,156.1547606,198.4584627,7263-7266,
92,2019,ST7642434374,Clear Fell,NT Park Hill,Tucking Mill Hanging,30,39,54,70,73,78,62.8,77.95461046,6,"Douglas, Sitka, Rowan, Birch, Sycamore, Beech",4,11,40,10,1,29.12,20-50%,20-50%,0-10%,0-10%,0-10%,Douglas Fir,Bracken,40-50%,60-70%,40-50%,0,0,50-60%,30-40%,70-80%,2,2,0,0,0,4,Low,178.2581084,178.0131481,pl92n-w,
92,2021,ST7642434374,Clear Fell,NT Park Hill,Tucking Mill Hanging,24,62,95,56,52,51,63.2,77.95461046,5,"Douglas Fir, birch, Rowan, Sitka Spruce,Beech",4,10,20,10,1,41.86,20-50%,0-10%,0-10%,0-10%,0-10%,none,Bracken,20-30%,90-100%,40-50%,0,0,1-10%,30-40%,1-10%,2,0,0,0,0,2,Low,178.2581084,178.0131481,6958-6961,
93,2019,ST7642434434,Clear Fell,NT Park Hill,Tucking Mill Hanging,36,59,59,58,54,52,56.4,90.20297519,3,"Douglas, Western Hemlock, Beech",60,13,0,9,0,7.28,>50,0-10%,0-10%,0-10%,0-10%,Western Hemlock,Bracken,50-60%,60-70%,40-50%,0,1-10%,60-70%,10-20%,80-90%,3,0,0,0,0,3,Low,185.288867,198.7786201,pl93n-w,
93,2021,ST7642434434,Clear Fell,NT Park Hill,Tucking Mill Hanging,36,68,53,41,57,52,54.2,90.20297519,4,"Douglas Fir, Beech, Western Hemlock, Holly",60,13,0,0,1,14.82,>50,0-10%,0-10%,0-10%,0-10%,Douglas Fir,Bracken,40-50%,70-80%,20-30%,1-10%,1-10%,50-60%,1-10%,70-80%,3,0,0,0,0,3,Low,185.288867,198.7786201,6962-6965,"*calculation of leaf litter and mosses, forbs changed. Alter previous plots accordingly for leaf litter in particular"
94,2019,ST7636434434,Clear Fell,NT Park Hill,Tucking Mill Hanging,28,50,65,45,56,46,52.4,37.3194987,2,"Douglas fir, HemlockWestern ",45,7,0,8,1,11.44,>50,0-10%,10-20%,0-10%,0-10%,Western Hemlock,Bracken,50-60%,70-80%,50-60%,10-20%,0,60-70%,30-40%,80-90%,3,0,1,0,0,4,Low,170.7754441,186.5776893,Pl94n-w,
94,2021,ST7636434434,Clear Fell,NT Park Hill,Tucking Mill Hanging,28,61,64,66,58,59,61.6,37.3194987,3,"Douglas Fir, Wester Hemlock, Holly",45,7,0,1,0,28.86,>50,0-10%,0-10%,0-10%,0-10%,Western Hemlock,Bracken,10-20%,70-80%,40-50%,10-20%,0,1-10%,10-20%,10-20%,3,0,0,0,0,3,Low,170.7754441,186.5776893,6954-6957,
95,2019,ST7636434494,Clear Fell,NT Park Hill,Tucking Mill Hanging,36,53,61,45,52,57,53.6,84.58392998,4,"Douglas, Western Hemlock, Birch, Sweet Chestnut",20,12,30,1,3,8.32,>50,0-10%,20-50%,0-10%,0-10%,Western Hemlock,Bramble,70-80%,30-40%,20-30%,0,1-10%,40-50%,20-30%,70-80%,3,0,2,0,0,5,Low,187.0602359,205.4704109,pl95n-w,
95,2021,ST7636434494,Clear Fell,NT Park Hill,Tucking Mill Hanging,32,65,64,48,59,45,56.2,84.58392998,4,"Douglas Fir, Western Hemlock, Sweet Chestnut, Beech",15,12,25,0,0,7.28,>50,0-10%,10-20%,0-10%,0-10%,Western Hemlock,Bramble,80-90%,20-30%,20-30%,1-10%,1-10%,1-10%,1-10%,1-10%,3,0,1,0,0,4,Low,187.0602359,205.4704109,6950-6953,
96,2019,ST7576432394,Irregular,"Dropping Gutter, Greenlands, Shootershill Copse, Castlewood",301f,18,52,41,44,43,12,38.4,104.5707181,5,"Silver Fir, Douglas Fir, Holly, Birch, Sitka Spruce",30,9,0,0,0,n/a,20-50%,0-10%,10-20%,0-10%,20-50%,Silver Fir,Bramble,40-50%,20-30%,30-40%,1-10%,10-20%,1-10%,1-10%,1-10%,2,0,1,0,2,5,Low,135.9004988,185.4636638,3846-3849,
96,2021,ST7576432394,Irregular,"Dropping Gutter, Greenlands, Shootershill Copse, Castlewood",301f,16,47,41,34,33,53,41.6,104.5707181,5,"Silver Fir, Birch, Sitka Spruce, Douglas Fir, Holly",30,9,0,0,0,33.02,>50,0-10%,10-20%,0-10%,0-10%,Silver Fir,Bracken,30-40%,30-40%,30-40%,20-30%,10-20%,1-10%,1-10%,1-10%,3,0,1,0,0,4,Low,135.9004988,185.4636638,3976-3979,
97,2019,ST7522433714,Irregular,"Dropping Gutter, Greenlands, Shootershill Copse, Castlewood",204a,18,36,53,22,39,65,43,114.4152694,7,"Norway Spruce, Beech, Oak, Western Red Cedar, Elder, Douglas Fir, Hawthorn",18,6,0,4,0,n/a,20-50%,0-10%,0-10%,0-10%,20-50%,Oak,Grasses,10-20%,20-30%,30-40%,50-60%,20-30%,1-10%,30-40%,20-30%,2,0,0,0,2,4,Low,122.9974091,169.9733343,9511-9514,
97,2021,ST7522433714,Irregular,"Dropping Gutter, Greenlands, Shootershill Copse, Castlewood",204a,18,35,53,69,43,21,44.2,114.4152694,8,"NorwaySpruce, Hawthorn, Hazel, Douglas Fir, Sitka Spruce, Oak, Holly, Western Red Cedar",18,6,0,4,0,71.5,20-50%,0-10%,0-10%,0-10%,20-50%,Hazel,Grasses,30-40%,30-40%,10-20%,50-60%,1-10%,1-10%,1-10%,20-30%,2,0,0,0,2,4,Low,122.9974091,169.9733343,7174-7177,Horsetail domianted (70%) field layer
98,2019,ST7588432274,Irregular,"Dropping Gutter, Greenlands, Shootershill Copse, Castlewood",303a,18,40,26,20,80,4,34,110.1511189,4,"Common Alder, Birch, Sitka Spruce, Douglas Fir",5,16,80,2,0,n/a,20-50%,20-50%,0-10%,0-10%,20-50%,Common Alder,Bracken,20-30%,20-30%,20-30%,20-30%,0,1-10%,0,0,2,2,0,0,2,6,High,136.9971561,177.1675232,3863-3866,
98,2021,ST7588432274,Irregular,"Dropping Gutter, Greenlands, Shootershill Copse, Castlewood",303a,14,78,78,20,23,26,45,110.1511189,4,"Common Alder, Birch, Sitka Spruce, Douglas Fir",5,16,80,3,2,38.48,20-50%,20-50%,0-10%,10-20%,0-10%,Common Alder,Grasses,30-40%,30-40%,30-40%,40-50%,0,10-20%,0,1-10%,2,2,0,1,0,5,Low,136.9971561,177.1675232,7255-7258,
99,2019,ST7516433774,Irregular,"Dropping Gutter, Greenlands, Shootershill Copse, Castlewood",204a,14,86,72,52,43,46,59.8,158.2520287,8,"Norway Spruce, Oak, Sitka Spruce, Ash, Hazel, Beech, Douglas Fir, Holly, ",2,8,50,12,13,n/a,>50,10-20%,10-20%,20-50%,>50,Douglas Fir,Honeysuckle,30-40%,20-30%,10-20%,40-50%,0,1-10%,30-40%,20-30%,3,1,1,2,3,10,High,180.8761285,179.3144375,9515-9518,
99,2021,ST7516433774,Irregular,"Dropping Gutter, Greenlands, Shootershill Copse, Castlewood",204a,16,45,71,85,53,46,60,158.2520287,9,"Norway Spruce, Sttka Spruce, Oak, Hazel, Beech, Douglas Fir, Western Hemlock, Holly, Ash",2,9,50,12,12,11.96,>50,10-20%,10-20%,20-50%,0-10%,Douglas Fir,Bracken,20-30%,40-50%,1-10%,40-50%,0,10-20%,10-20%,20-30%,3,1,1,2,0,7,High,180.8761285,179.3144375,7160-7163,
100,2019,ST7522433594,Irregular,"Dropping Gutter, Greenlands, Shootershill Copse, Castlewood",204a,30,63,75,56,62,66,64.4,128.3665392,6,"Sitka Spruce, Douglas Fir, Western Hemlock, Holly, Birch, Beech",80,8,0,0,0,n/a,>50,0-10%,10-20%,10-20%,20-50%,Western Hemlock,Bracken,20-30%,50-60%,20-30%,0,1-10%,80-90%,0,10-20%,3,0,1,1,2,7,High,156.9193256,189.6733337,9477-9480,
100,2021,ST7522433594,Irregular,"Dropping Gutter, Greenlands, Shootershill Copse, Castlewood",204a,26,64,67,62,69,62,64.8,128.3665392,8,"Sitka Spruce, Holly, Birch, Douglas Fir, Western Hemlock, Western Red Cedar, Larch, Oak",80,8,0,0,0,22.88,>50,0-10%,10-20%,>50,0-10%,Western Hemlock,Bracken,10-20%,40-50%,10-20%,1-10%,1-10%,80-90%,10-20%,20-30%,3,0,1,3,0,7,High,156.9193256,189.6733337,7180-7183,
101,2019,ST7540433534,Irregular,"Dropping Gutter, Greenlands, Shootershill Copse, Castlewood",204a,32,81,46,82,71,58,67.6,92.81870285,8,"Douglas Fir, Oak, Beech, Sitka Spruce, Holly, Hazel, Western Red Cedar, Western Hemlock",5,11,30,2,3,16.64,>50,10-20%,20-50%,0-10%,>50,Douglas Fir,Bramble,60-70%,10-20%,20-30%,1-10%,0,10-20%,10-20%,60-70%,3,1,2,0,3,9,High,153.1464306,175.4864236,9481-9484,
101,2021,ST7540433534,Irregular,"Dropping Gutter, Greenlands, Shootershill Copse, Castlewood",204a,22,57,80,39,71,81,65.6,92.81870285,8,"Douglas Fir, Oak, Beech, Sitka Spruce, Holly, Hazel, Western Red Cedar, Western Hemlock",5,11,40,2,5,16.9,>50,0-10%,20-50%,10-20%,20-50%,Douglas Fir,Bramble,60-70%,20-30%,10-20%,0,0,30-40%,40-50%,60-70%,3,0,2,1,2,8,High,153.1464306,175.4864236,7204-7207,
102,2019,ST7546433474,Irregular,"Dropping Gutter, Greenlands, Shootershill Copse, Castlewood",204a,16,50,10,4,3,69,27.2,88.98755256,5,"Beech, Western Red Cedar, Douglas Fir, Ash, Goat Willow",15,3,20,4,0,50.96,20-50%,0-10%,0-10%,0-10%,>50,Douglas Fir,Bramble,80-90%,1-10%,1-10%,0,1-10%,10-20%,1-10%,70-80%,2,0,0,0,3,5,Low,151.0489522,163.5556414,,
102,2021,ST7546433474,Irregular,"Dropping Gutter, Greenlands, Shootershill Copse, Castlewood",204a,18,55,76,6,11,32,36,88.98755256,6,"Beech, Douglas Fir, Western Hemlock, Ash, Wilow, Western Red Cedar",15,6,25,1,0,41.86,>50,10-20%,20-50%,20-50%,0-10%,Douglas Fir,Bramble,40-50%,1-10%,30-40%,1-10%,1-10%,10-20%,1-10%,70-80%,3,1,2,2,0,8,High,151.0489522,163.5556414,7200-7203,
103,2019,ST7534433474,Irregular,"Dropping Gutter, Greenlands, Shootershill Copse, Castlewood",204a,20,62,71,72,75,74,70.8,102.5719442,9,"Sitka Spruce. Douglas Fir, Oak, Holly, Japanese Larch, Wetsern Hemlock, Wetdern Red Cedar, Norway Spruce, Grey Alder",10,6,15,2.5,0,26,>50,0-10%,10-20%,20-50%,>50,Douglas Fir,Bramble,50-60%,30-40%,10-20%,20-30%,1-10%,1-10%,1-10%,20-30%,3,0,1,2,3,9,High,96.4862783,175.4204259,9485-9488,
103,2021,ST7534433474,Irregular,"Dropping Gutter, Greenlands, Shootershill Copse, Castlewood",204a,16,72,76,71,70,63,70.4,102.5719442,9,"Sitka spruce, Oak, Larch, Western Hemloc, Western Red Cedar, Rowan, Douglas Fir, Norway Spruce, Holly",10,9,25,0,7,22.1,>50,0-10%,10-20%,20-50%,20-50%,Douglas Fir,Bramble,50-60%,30-40%,10-20%,20-30%,0,10-20%,1-10%,30-40%,3,0,1,2,2,8,High,96.4862783,175.4204259,7184-7187,
104,2019,ST7528433474,Irregular,"Dropping Gutter, Greenlands, Shootershill Copse, Castlewood",204a,28,62,28,32,32,35,37.8,47.19677642,4,"Douglas Fir, Western Hemlock, Beech, Sycamore",15,13,10,9,1,n/a,>50,>50,0-10%,10-20%,20-50%,Western Hemlock,Bracken,10-20%,50-60%,10-20%,10-20%,0,20-30%,30-40%,40-50%,3,3,0,1,2,9,High,135.3393709,188.6915046,9489-9492,
104,2021,ST7528433474,Irregular,"Dropping Gutter, Greenlands, Shootershill Copse, Castlewood",204a,22,91,78,46,35,58,61.6,47.19677642,4,"Douglas Fir, Sycamore, Larch. Western Hemlock",15,13,10,14,0,15.08,>50,20-50%,10-20%,20-50%,0-10%,Western Hemlock,Bracken,10-20%,60-70%,1-10%,1-10%,1-10%,20-30%,40-50%,50-60%,3,2,1,2,0,8,High,135.3393709,188.6915046,7188-7191,
105,2019,ST7492436174,Early Transitioning Irregular,Kingswood Warren,805c,26,41,35,33,27,25,32.2,48.94322128,3,"Sitka spruce, Douglas fir, Birch",15,33,0,2,8,16.64,>50,0-10%,0-10%,0-10%,0-10%,none,Bramble,60-70%,1-10%,20-30%,30-40%,0,70-80%,20-30%,60-70%,3,0,0,0,0,3,Low,190.2979289,172.3581686,pl105n-w,
105,2021,ST7492436174,Early Transitioning Irregular,Kingswood Warren,805c,24,35,37,33,41,31,35.4,48.94322128,4,"Sitka Spruce, Japanese Larch, Birch, Douglas Fir",15,32,0,1,0,22.36,>50,0-10%,0-10%,0-10%,0-10%,none,Bramble,60-70%,1-10%,1-10%,30-40%,0,50-60%,10-20%,30-40%,3,0,0,0,0,3,Low,190.2979289,172.3581686,7074-7077,
106,2019,ST7522436234,Early Transitioning Irregular,Kingswood Warren,805a,28,44,52,39,42,52,45.8,75.20181299,3,"Sitka spruce, Grand fir, Douglas fir",22,17,0,20,3,12.48,>50,0-10%,0-10%,0-10%,0-10%,Grand Fir,Bramble,50-60%,10-20%,20-30%,10-20%,1-10%,70-80%,60-70%,60-70%,3,0,0,0,0,3,Low,188.9184109,172.7057986,pl106n-w,
106,2021,ST7522436234,Early Transitioning Irregular,Kingswood Warren,805a,26,52,46,44,48,53,48.6,75.20181299,4,"Sitka Spruce, Douglas Fir, Grand/Silver Fir, Birch",22,18,0,10,1,47.06,>50,0-10%,0-10%,0-10%,0-10%,Grand Fir,Grasses,10-20%,1-10%,20-30%,50-60%,0,40-50%,40-50%,10-20%,3,0,0,0,0,3,Low,188.9184109,172.7057986,7018-7021,"*post missing, check Grand Fir ID 7022-7025"
107,2019,ST7486436234,Early Transitioning Irregular,Kingswood Warren,804,32,32,32,32,31,32,31.8,29.08469486,3,"Sitka spruce, Birch, Goat willow",11,27,10,0,0,18.72,>50,0-10%,0-10%,0-10%,0-10%,none,Pendulous Sedge,10-20%,0,1-10%,30-40%,1-10%,50-60%,20-30%,70-80%,3,0,0,0,0,3,Low,187.6650735,163.7626151,pl107n-w,
107,2021,ST7486436234,Early Transitioning Irregular,Kingswood Warren,804,36,35,38,34,35,36,35.6,29.08469486,5,"Sitka Spruce, Silver Fir, Birch, Willow, Holly",11,28,10,10,0,11.18,>50,0-10%,0-10%,0-10%,0-10%,Birch,Pendulous Sedge,30-40%,0,1-10%,30-40%,0,60-70%,20-30%,30-40%,3,0,0,0,0,3,Low,187.6650735,163.7626151,6998-7001,
108,2019,ST7534433354,Irregular,"Dropping Gutter, Greenlands, Shootershill Copse, Castlewood",204a,24,61,44,35,41,27,41.6,25.2212152,8,"Birch, Douglas Fir, Western Hemlock, Sycamore, Common Alder, Grey Alder, Rowan, Holly ",1.55,39,50,5,6,n/a,20-50%,20-50%,0-10%,0-10%,20-50%,Grey Alder,Bracken,40-50%,60-70%,40-50%,10-20%,1-10%,80-90%,0,10-20%,2,2,0,0,2,6,High,127.3774355,184.1462995,,
108,2021,ST7534433354,Irregular,"Dropping Gutter, Greenlands, Shootershill Copse, Castlewood",204a,26,68,69,61,33,46,55.4,25.2212152,9,"Birch, Douglas Fir, Sitka Spruce, Western Hemlock, Holly, Grey Alder, Sycamore, Rowan, Common Alder",1,40,75,5,4,3.12,>50,>50,0-10%,0-10%,0-10%,Grey Alder,Bracken,10-20%,60-70%,30-40%,30-40%,1-10%,70-80%,1-10%,10-20%,3,3,0,0,0,6,High,127.3774355,184.1462995,,
109,2019,ST7480436234,Early Transitioning Irregular,Kingswood Warren,804,34,31,31,34,32,32,32,54.06848594,2,"Sitka spruce, Douglas fir",35,42,0,1,0,7.28,>50,0-10%,0-10%,0-10%,0-10%,none,Bramble,20-30%,0,1-10%,30-40%,1-10%,40-50%,50-60%,70-80%,3,0,0,0,0,3,Low,185.1314247,163.7676452,pl109n-w,
109,2021,ST7480436234,Early Transitioning Irregular,Kingswood Warren,804,48,36,37,35,34,40,36.4,54.06848594,4,"Sitka Spruce, Holly, Douglas Fir, Birch",35,48,0,1,0,8.32,>50,0-10%,0-10%,0-10%,0-10%,none,Bramble,30-40%,0,10-20%,30-40%,0,40-50%,30-40%,60-70%,3,0,0,0,0,3,Low,185.1314247,163.7676452,7006-7009,
110,2019,ST7498436294,Early Transitioning Irregular,Kingswood Warren,804,28,40,37,34,31,30,34.4,53.76637763,2,"Sitka spruce, Douglas fir",30,29,0,1,0,8.32,>50,0-10%,0-10%,0-10%,0-10%,none,Grasses,30-40%,1-10%,1-10%,40-50%,1-10%,60-70%,40-50%,50-60%,3,0,0,0,0,3,Low,185.23966,159.2543901,pl110n-w,
110,2021,ST7498436294,Early Transitioning Irregular,Kingswood Warren,804,28,40,32,29,38,32,34.2,53.76637763,4,"Sitka Spruce. Holly, Birch, Douglas Fir",30,30,0,3,0,15.86,>50,0-10%,0-10%,0-10%,0-10%,none,Grasses,40-50%,1-10%,1-10%,40-50%,1-10%,50-60%,30-40%,30-40%,3,0,0,0,0,3,Low,185.23966,159.2543901,7014-7017,
111,2019,ST7516433354,Irregular,"Dropping Gutter, Greenlands, Shootershill Copse, Castlewood",203a,26,71,41,88,81,133,82.8,104.3632386,4,"Sitka Spruce, Western Hemlock, Douglas Fir, Holly",150,10,0,0,0,n/a,>50,0-10%,20-50%,20-50%,0-10%,Western Hemlock,Grasses,0,1-10%,1-10%,1-10%,1-10%,1-10%,1-10%,90-100%,3,0,2,2,0,7,High,173.6109468,205.6909842,3798-3801,
111,2021,ST7516433354,Irregular,"Dropping Gutter, Greenlands, Shootershill Copse, Castlewood",203a,22,83,85,42,67,125,80.4,104.3632386,4,"Sitka Spruce, Holly, Western Hemlock, Douglas Fir",150,5,0,0,0,8.32,>50,0-10%,>50,20-50%,0-10%,Western Hemlock,Mosses,0,1-10%,0,0,1-10%,1-10%,40-50%,90-100%,3,0,3,2,0,8,High,173.6109468,205.6909842,7221-7224,
112,2019,ST7492436294,Early Transitioning Irregular,Kingswood Warren,804,22,29,29,29,30,32,29.8,61.48461271,4,"Douglas fir, Sitka spruce, Birch, Hawthorn",9,37,15,3,0,11.44,>50,0-10%,0-10%,0-10%,0-10%,none,Bramble,40-50%,1-10%,10-20%,20-30%,1-10%,50-60%,40-50%,60-70%,3,0,0,0,0,3,Low,186.9875448,160.9898074,pl112n-w,
112,2021,ST7492436294,Early Transitioning Irregular,Kingswood Warren,804,26,27,29,31,33,33,30.6,61.48461271,6,"Douglas Fir, Sitka Spruce, Silver Fir, Birch, Hawthorn, Holly",7,32,5,1,0,12.22,>50,0-10%,0-10%,0-10%,0-10%,none,Bramble,70-80%,1-10%,10-20%,10-20%,1-10%,60-70%,20-30%,40-50%,3,0,0,0,0,3,Low,186.9875448,160.9898074,7010-7013,
113,2019,ST7486436294,Early Transitioning Irregular,Kingswood Warren,804,28,31,32,33,27,28,30.2,62.06717842,2,"Sitka spruce, Birch",14,28,5,1,1,9.36,>50,0-10%,0-10%,0-10%,0-10%,none,Grasses,1-10%,1-10%,10-20%,30-40%,10-20%,30-40%,30-40%,60-70%,3,0,0,0,0,3,Low,186.4872232,159.0220504,pl113n-w,
113,2021,ST7486436294,Early Transitioning Irregular,Kingswood Warren,804,40,34,34,35,37,35,35,62.06717842,4,"Sitka Spruce, Birch, Oak, Holly",14,36,5,0,0,10.14,>50,0-10%,0-10%,0-10%,0-10%,none,Mosses,1-10%,1-10%,20-30%,30-40%,1-10%,60-70%,20-30%,60-70%,3,0,0,0,0,3,Low,186.4872232,159.0220504,7002-7005,
114,2019,ST7516436114,Early Transitioning Irregular,Kingswood Warren,805c,28,37,38,43,35,35,37.6,105.4612042,2,"Douglas fir, Sitka spruce",40,23,0,7,4,9.36,>50,0-10%,0-10%,0-10%,0-10%,none,Bramble,50-60%,10-20%,30-40%,20-30%,1-10%,50-60%,50-60%,70-80%,3,0,0,0,0,3,Low,180.9426141,180.2915291,pl114n-w,
114,2021,ST7516436114,Early Transitioning Irregular,Kingswood Warren,805c,34,49,35,38,40,37,39.8,105.4612042,4,"Douglas Fir, Sitka Spruce, Holly. Grand Fir",40,27,0,10,2,10.4,>50,0-10%,0-10%,0-10%,0-10%,none,Bramble,40-50%,10-20%,20-30%,20-30%,1-10%,60-70%,40-50%,50-60%,3,0,0,0,0,3,Low,180.9426141,180.2915291,7030-7033,
115,2019,ST7504436114,Early Transitioning Irregular,Kingswood Warren,805c,24,48,43,43,41,40,43,85.71260538,3,"Douglas, Sitka, Grand fir",40,27,0,1,5,7.28,>50,0-10%,0-10%,0-10%,0-10%,none,Grasses,30-40%,1-10%,20-30%,50-60%,0,40-50%,10-20%,70-80%,3,0,0,0,0,3,Low,158.3957964,181.2616433,pl115n-w,
115,2021,ST7504436114,Early Transitioning Irregular,Kingswood Warren,805c,20,44,47,55,46,50,48.4,85.71260538,6,"Douglas Fir, Western Red Cedar, Brch, Holly, Sitka Spruce, Grand Fir",40,22,0,2,1,18.2,>50,0-10%,0-10%,0-10%,0-10%,none,Grasses,30-40%,1-10%,10-20%,40-50%,1-10%,40-50%,20-30%,70-80%,3,0,0,0,0,3,Low,158.3957964,181.2616433,7046-7049,*post shattered by felling works
116,2019,ST7492433834,Irregular,"Dropping Gutter, Greenlands, Shootershill Copse, Castlewood",204a,24,75,65,60,60,71,66.2,71.1414403,6,"Douglas Fir, Western Hemlock, Sitka Spruce, Holly, Western Red Cedar, Rowan",40,30,0,3,0,n/a,>50,0-10%,>50,10-20%,0-10%,Douglas Fir,Bracken,1-10%,30-40%,1-10%,1-10%,0,20-30%,10-20%,40-50%,3,0,3,1,0,7,High,174.7537769,215.2354342,3790-3793,
116,2021,ST7492433834,Irregular,"Dropping Gutter, Greenlands, Shootershill Copse, Castlewood",204a,26,72,67,64,72,70,69,71.1414403,6,"Douglas Fir, Western Hemloc, Sitka Spruce, Western Red Cedar, Holly, Rowan",40,33,0,5,0,3.9,>50,0-10%,>50,0-10%,10-20%,Douglas Fir,Bracken,1-10%,40-50%,10-20%,10-20%,0,20-30%,20-30%,40-50%,3,0,3,0,1,7,High,174.7537769,215.2354342,7148-7151,
117,2019,ST7498433894,Irregular,"Dropping Gutter, Greenlands, Shootershill Copse, Castlewood",204a,22,75,71,76,67,86,75,81.17877593,6,"Douglas Fir, Sitka Spruce, Western Hemlock, Oak, Holly, Birch",40,13,0,8,0,n/a,>50,20-50%,20-50%,10-20%,0-10%,Douglas Fir,Bracken,10-20%,30-40%,30-40%,1-10%,0,1-10%,30-40%,30-40%,3,2,2,1,0,8,High,157.211659,200.5344006,3786-3789,
117,2021,ST7498433894,Irregular,"Dropping Gutter, Greenlands, Shootershill Copse, Castlewood",204a,26,77,68,66,71,86,73.6,81.17877593,5,"Douglas Fir, Western Red Cedar, Western Hemlock, Holly, Sitka Spruce",40,17,0,8,1,10.66,>50,20-50%,10-20%,>50,0-10%,Douglas Fir,Bracken,10-20%,40-50%,30-40%,20-30%,1-10%,20-30%,20-30%,50-60%,3,2,1,3,0,9,High,157.211659,200.5344006,7156-7159,
118,2019,ST7504433714,Irregular,"Dropping Gutter, Greenlands, Shootershill Copse, Castlewood",204e,26,64,80,71,75,55,69,98.89785676,7,"Sita Spruce, Birch, Common Alder, Western Hemlock, Japanese Larch, Western Red Cedar, Douglas Fir",4,8,5,1,0,34.32,>50,0-10%,20-50%,20-50%,20-50%,Sitka Spruce,Mosses,1-10%,1-10%,30-40%,30-40%,0,70-80%,10-20%,10-20%,3,0,2,2,2,9,High,157.6936929,199.5650239,9523-9526,
118,2021,ST7504433714,Irregular,"Dropping Gutter, Greenlands, Shootershill Copse, Castlewood",204e,26,71,65,76,76,75,72.6,98.89785676,8,"Sitka Spruce, Japanase Larch, western Red Cedar, Douglas Fir, Alder, Birch, Western Hemlock, Holly",4,9,10,1,0,25.22,>50,0-10%,>50,0-10%,0-10%,Western Hemlock,Mosses,10-20%,1-10%,30-40%,30-40%,1-10%,70-80%,10-20%,20-30%,3,0,3,0,0,6,High,157.6936929,199.5650239,7140-7143,
119,2019,ST7504433474,Irregular,"Dropping Gutter, Greenlands, Shootershill Copse, Castlewood",203a,18,60,60,59,41,46,53.2,65.15045228,3,"Western Hemlock, Douglas Fir, Birch",200,20,0,0,0,23.92,>50,0-10%,20-50%,0-10%,0-10%,Western Hemlock,Mosses,1-10%,20-30%,20-30%,1-10%,20-30%,50-60%,0,1-10%,3,0,2,0,0,5,Low,160.7841674,210.2721098,3794-3797,
119,2021,ST7504433474,Irregular,"Dropping Gutter, Greenlands, Shootershill Copse, Castlewood",203a,16,41,46,43,54,47,46.2,65.15045228,3,"Western Hemlock, Douglas Fir, Larch",200,12,0,0,0,18.46,>50,0-10%,>50,0-10%,0-10%,Western Hemlock,Bracken,1-10%,60-70%,1-10%,30-40%,0,50-60%,1-10%,20-30%,3,0,3,0,0,6,High,160.7841674,210.2721098,7217-7220,*post missing
120,2019,ST7576432634,Irregular,"Dropping Gutter, Greenlands, Shootershill Copse, Castlewood",301f,24,57,50,10,67,18,40.4,227.104027,6,"Japanese Larch, Western Hemlock, Doulgas Fir, Sitka Spruce, Western Red Cedar, Birch",25,6,0,2,0,33.28,>50,0-10%,0-10%,0-10%,>50,Japanese Larch,Bracken,60-70%,1-10%,0,0,1-10%,1-10%,20-30%,80-90%,3,0,0,0,3,6,High,174.4689122,207.6556828,3858-3861,
120,2021,ST7576432634,Irregular,"Dropping Gutter, Greenlands, Shootershill Copse, Castlewood",301f,24,82,91,69,52,55,69.8,227.104027,7,"Larch, Sitka Spruce, Holly, Birch, Western Hemlock, Douglas Fir, Western Red Cedar",30,10,0,15,0,27.04,>50,0-10%,>50,10-20%,0-10%,Japanese Larch,Bramble,60-70%,1-10%,1-10%,0,1-10%,10-20%,40-50%,80-90%,3,0,3,1,0,7,High,174.4689122,207.6556828,7271-7274,
171,2021,ST7527336046,Early Transitioning Irregular,Kingswood Warren,805b,30,45,54,46,45,57,49.4,54.608,3,"Beech, Douglas Fir, Holly",2,18,40,5,0,5.46,>50,0-10%,0-10%,0-10%,0-10%,none,Bramble,20-30%,20-30%,1-10%,10-20%,1-10%,1-10%,20-30%,80-90%,3,0,0,0,0,3,Low,240.1775295,198.0601533,fourth set of photos on phone 31/7,
172,2021,ST7533436050,Early Transitioning Irregular,Kingswood Warren,805b,26,64,50,53,51,49,53.4,20.358,6,"Beech, Douglas Fir, Sitka Spruce, Holly, Rowan, Birch",2,15,50,0,0,14.3,>50,10-20%,0-10%,10-20%,0-10%,Beech,Bramble,70-80%,30-40%,1-10%,1-10%,1-10%,1-10%,20-30%,90-100%,3,1,0,1,0,5,Low,229.2441333,208.1156068,third set of four photos on phone 31/7,
173,2021,ST7496835930,Early Transitioning Irregular,Kingswood Warren,805b,32,54,58,60,71,66,61.8,21.44,5,"Beech, Holly, Sitka Spruce, Japanes Larch, Norway Spruce",0,15,80,7,0,6.24,>50,0-10%,0-10%,20-50%,0-10%,Sitka Spruce,Bracken,20-30%,40-50%,1-10%,1-10%,1-10%,10-20%,0,80-90%,3,0,0,2,0,5,Low,166.6283713,201.8654199,7124-7127,
174,2021,ST7491135929,Early Transitioning Irregular,Kingswood Warren,805b,22,58,63,59,50,42,54.4,25.464,7,"Beech, Sitka Spruce, Grand Fir, Holly, Rowan Birch, Douglas Fir",0,16,80,10,1,3.64,>50,10-20%,0-10%,0-10%,0-10%,Beech,Bramble,40-50%,30-40%,1-10%,1-10%,1-10%,1-10%,20-30%,80-90%,3,1,0,0,0,4,Low,201.5671911,195.7650344,7128-7131,
175,2021,ST7536336131,Early Transitioning Irregular,Kingswood Warren,805b,30,55,50,48,56,50,51.8,16.049,4,"Beech, Holly, Douglas Fir, Gtrand Fir",1,12,40,1,1,13,>50,10-20%,0-10%,0-10%,0-10%,Beech,Bracken,20-30%,30-40%,1-10%,10-20%,1-10%,10-20%,30-40%,70-80%,3,1,0,0,0,4,Low,233.2287518,204.7010142,Second lot of four photos on phone 31/7,*had to move due to pheasant pen
176,2021,ST7532436239,Early Transitioning Irregular,Kingswood Warren,805a,n/a,28,44,41,9,18,28,30.607,4,"Birch, Douglas Fir, Sweet Chestnut, Willow",0,26,75,0,1,57.46,10-20%,20-50%,20-50%,0-10%,0-10%,Birch,Bramble,20-30%,1-10%,1-10%,20-30%,1-10%,0,20-30%,70-80%,1,2,2,0,0,5,Low,226.4745562,180.2745989,First four photos 31/7/21 on phone,birch regen area
177,2021,ST7546033412,Irregular,"Dropping Gutter, Greenlands, Shootershill Copse, Castlewood",204a,22,53,52,43,67,61,55.2,85.619,6,"Hazel, Sycamore, Sitka Spruce, Douglas Fir, HollyWestern Hemlock",3,8,50,6,0,9.62,>50,0-10%,0-10%,>50,0-10%,Western Hemlock,Bramble,50-60%,10-20%,40-50%,0,1-10%,40-50%,1-10%,30-40%,3,0,0,3,0,6,High,200.0143461,171.7621834,7196-7199,
178,2021,ST7533433668,Irregular,"Dropping Gutter, Greenlands, Shootershill Copse, Castlewood",204a,20,71,81,57,59,69,67.4,43.641,5,"Hazel, Sitka spruce, Field Maple, Beech, Hawthorn",20,9,0,4,0,29.38,>50,0-10%,0-10%,>50,0-10%,Hazel,Bracken,40-50%,40-50%,1-10%,1-10%,0,60-70%,1-10%,30-40%,3,0,0,3,0,6,High,128.9907764,170.0341002,7208-7211,
179,2021,ST7546733054,Irregular,"Dropping Gutter, Greenlands, Shootershill Copse, Castlewood",301a,10,42,35,28,42,1,29.6,171.524,7,"Larch, Oak, Beech, Douglas Fir, Western Red Cedar, Sitka Spruce, Birch, Holly",20,4,0,2,0,84.5,>50,0-10%,0-10%,0-10%,0-10%,none,Mosses,10-20%,1-10%,40-50%,40-50%,10-20%,60-70%,40-50%,80-90%,3,0,0,0,0,3,Low,144.4630281,203.8100099,7340-7343,*clear felled area
180,2021,ST7546033171,Irregular,"Dropping Gutter, Greenlands, Shootershill Copse, Castlewood",301b,10,66,32,60,12,71,48.2,110.478,4,"Oak, Sita Spruce, Wetsern Hemlock. Larch",3,12,75,2,6,22.62,>50,0-10%,20-50%,0-10%,0-10%,Sitka Spruce,Bramble,60-70%,30-40%,1-10%,30-40%,0,20-30%,1-10%,40-50%,3,0,2,0,0,5,Low,156.9592119,228.9340657,7336-7339,
181,2021,ST7460735809,Early Transitioning Irregular,Kingswood Warren,805b,24,32,49,20,23,23,29.4,51.319,9,"Willow, Birch, Beech, Rowan, Sitka Spruce, Douglas Fir, Westeren Red Cedar, Oak, Grand Fir",0,34,100,15,3,1.3,20-50%,20-50%,20-50%,0-10%,0-10%,Western Red Cedar,Bracken,1-10%,30-40%,1-10%,1-10%,1-10%,1-10%,10-20%,90-100%,2,2,2,0,0,6,High,181.6317309,206.1737082,7132-7135,
182,2021,ST7455135810,Early Transitioning Irregular,Kingswood Warren,805b,18,22,51,41,21,21,31.2,19.334,5,"Western Red Cedar, Sitka Sruce, Douglas Fir, Birch, Holly",3,33,50,0,0,50.44,20-50%,0-10%,0-10%,0-10%,0-10%,Birch,Bracken,20-30%,40-50%,40-50%,40-50%,1-10%,20-30%,1-10%,40-50%,2,0,0,0,0,2,Low,208.3776431,205.338557,7136-7139,
183,2021,ST7492533597,Irregular,"Dropping Gutter, Greenlands, Shootershill Copse, Castlewood",203a,n/a,18,91,31,3,86,45.8,40.476,3,"Sweet Chestnut, Larch, Sitka Spruce, ",4,4,100,1,0,59.8,20-50%,0-10%,0-10%,0-10%,0-10%,None,Bracken,20-30%,40-50%,30-40%,40-50%,20-30%,1-10%,70-80%,90-100%,2,0,0,0,0,2,Low,145.8879233,209.3723485,7356-7359,*clear fell area
184,2021,ST7516133894,Irregular,"Dropping Gutter, Greenlands, Shootershill Copse, Castlewood",204a,16,25,31,31,24,25,27.2,39.06,3,"Beech, Alder, Oak",1,11,100,95,0,2.86,>50,0-10%,>50,0-10%,0-10%,Beech,Bracken,0,30-40%,10-20%,10-20%,10-20%,1-10%,1-10%,90-100%,3,0,3,0,0,6,High,104.6220584,181.9694059,7352-7355,
185,2021,ST7611032751,Irregular,"Dropping Gutter, Greenlands, Shootershill Copse, Castlewood",302h,30,69,32,44,60,62,53.4,123.7,5,"Western Hemlock, Oak, Holly, Sycamore, Douglas Fir",5,22,50,0,1,8.06,>50,0-10%,0-10%,0-10%,0-10%,Western Hemlock,Bracken,0,40-50%,20-30%,10-20%,1-10%,30-40%,50-60%,80-90%,3,0,0,0,0,3,Low,144.2114862,155.2731717,7316-7319,
186,2021,ST7599532629,Irregular,"Dropping Gutter, Greenlands, Shootershill Copse, Castlewood",301f,24,61,65,81,78,68,70.6,263.145,7,"Western Hemlock, Silver Fir, Douglas Fir, Western Red Cedar, Birch, Holly, Larch",17,6,0,4,0,33.02,>50,0-10%,>50,10-20%,0-10%,Western Hemlock,Bracken,40-50%,40-50%,0,0,0,20-30%,60-70%,80-90%,3,0,3,1,0,7,High,145.1899544,180.3176973,7328-7231,
187,2021,ST7563133004,Irregular,"Dropping Gutter, Greenlands, Shootershill Copse, Castlewood",302c,24,97,40,31,40,36,48.8,233.745,6,"Western Hemloc, Sweet chestnut, Rowan, Common Alder, Birch, Holly",3,9,100,6,3,32.24,>50,20-50%,0-10%,10-20%,0-10%,Holly,Bracken,1-10%,80-90%,30-40%,0,10-20%,60-70%,20-30%,80-90%,3,2,0,1,0,6,High,162.0976039,173.2158285,7348-7351,
188,2021,ST7558533053,Irregular,"Dropping Gutter, Greenlands, Shootershill Copse, Castlewood",302a,28,31,23,55,85,82,55.2,180.434,5,"Western Red Cedar, Oak, Western Hemlock, Rowan, Sitka Spruce",5,8,50,0,5,20.28,>50,0-10%,0-10%,10-20%,0-10%,Western Hemlock,Bramble,50-60%,20-30%,30-40%,20-30%,30-40%,1-10%,1-10%,30-40%,3,0,0,1,0,4,Low,158.5976586,195.7108016,7344-7347,*major track through plot
189,2021,ST7594132635,Irregular,"Dropping Gutter, Greenlands, Shootershill Copse, Castlewood",301f,24,78,70,7,7,44,41.2,325.502,4,"Western Hemlock, Douglas Fir , Birch, Larch",40,3,0,2,0,34.32,>50,0-10%,10-20%,>50,0-10%,Western Hemlock,Bramble,50-60%,0,1-10%,1-10%,1-10%,1-10%,70-80%,70-80%,3,0,1,3,0,7,High,176.6330963,190.577857,7332-7335,
190,2021,ST7600032936,Irregular,"Dropping Gutter, Greenlands, Shootershill Copse, Castlewood",302d,20,46,54,50,34,54,47.6,60.682,6,"Western Hemlock, Silver Fir, Beech, Western Red Cedar, Holly, Rowan",30,8,0,0,0,26.52,>50,0-10%,>50,20-50%,0-10%,Western Hemlock,Mosses,1-10%,1-10%,1-10%,10-20%,0,50-60%,30-40%,70-80%,3,0,3,2,0,8,High,161.3148331,160.2386977,7308-7311,
